provider,case_id,title,category,tmdb,season,episode,status,checked_at,binary_sha256,cold_ms,metadata_ms,cold_http_requests,warm_median_ms,warm_http_requests,cold_to_first_frame_ms,warm_to_first_frame_ms,attempt_ms,cards,decode_attempts,sdk_playback,cache_playback_valid,selected_audio_language,header_recovered
anibd,casablanca,Casablanca,movie,289,,,empty,2026-10-02T15:04:05.898301+00:00,b5ec3eaa291cf02e20e5025b96d3bf48fd44e3435faf20d92871646c895f98e6,825.939671,73.089953,6,0.007587,"0,0,0",,,909.768,0,0,False,True,,False
aniwaves,casablanca,Casablanca,movie,289,,,empty,2026-10-02T15:04:06.088784+00:00,b5ec3eaa291cf02e20e5025b96d3bf48fd44e3435faf20d92871646c895f98e6,1016.20818,72.98954400000001,4,0.002543,"0,0,0",,,1100.192,0,0,False,True,,False
anibd,matrix,The Matrix,movie,603,,,empty,2026-10-02T15:04:06.835397+00:00,b5ec3eaa291cf02e20e5025b96d3bf48fd44e3435faf20d92871646c895f98e6,895.68793,40.97239,8,0.002141,"0,0,0",,,937.086,0,0,False,True,,False
anibd,inception,Inception,movie,27205,,,empty,2026-10-02T15:04:07.170879+00:00,b5ec3eaa291cf02e20e5025b96d3bf48fd44e3435faf20d92871646c895f98e6,307.726048,27.232384,4,0.002433,"0,0,0",,,335.437,0,0,False,True,,False
aniwaves,matrix,The Matrix,movie,603,,,empty,2026-10-02T15:04:07.856861+00:00,b5ec3eaa291cf02e20e5025b96d3bf48fd44e3435faf20d92871646c895f98e6,1743.535838,24.109765,9,0.002891,"0,0,0",,,1768.065,0,0,False,True,,False
anibd,dune-2,Dune: Part Two,movie,693134,,,empty,2026-10-02T15:04:07.938666+00:00,b5ec3eaa291cf02e20e5025b96d3bf48fd44e3435faf20d92871646c895f98e6,727.5289769999999,39.765965,7,0.002405,"0,0,0",,,767.76,0,0,False,True,,False
aniwaves,inception,Inception,movie,27205,,,empty,2026-10-02T15:04:08.561927+00:00,b5ec3eaa291cf02e20e5025b96d3bf48fd44e3435faf20d92871646c895f98e6,690.310785,14.38232,3,0.003193,"0,0,0",,,705.035,0,0,False,True,,False
anibd,sinners,Sinners,movie,1233413,,,empty,2026-10-02T15:04:08.805531+00:00,b5ec3eaa291cf02e20e5025b96d3bf48fd44e3435faf20d92871646c895f98e6,824.4063,41.957504,8,0.007136,"0,0,0",,,866.842,0,0,False,True,,False
anibd,twilight-zone,The Twilight Zone,series,6357,1,2,empty,2026-10-02T15:04:09.166582+00:00,b5ec3eaa291cf02e20e5025b96d3bf48fd44e3435faf20d92871646c895f98e6,323.362373,37.305749999999996,4,0.002622,"0,0,0",,,361.023,0,0,False,True,,False
aniwaves,dune-2,Dune: Part Two,movie,693134,,,empty,2026-10-02T15:04:09.271486+00:00,b5ec3eaa291cf02e20e5025b96d3bf48fd44e3435faf20d92871646c895f98e6,695.379544,13.844896,4,0.002829,"0,0,0",,,709.547,0,0,False,True,,False
anibd,friends,Friends,series,1668,1,2,empty,2026-10-02T15:04:09.639346+00:00,b5ec3eaa291cf02e20e5025b96d3bf48fd44e3435faf20d92871646c895f98e6,432.026213,40.255534000000004,5,0.007747,"0,0,0",,,472.747,0,0,False,True,,False
aniwaves,sinners,Sinners,movie,1233413,,,empty,2026-10-02T15:04:09.917272+00:00,b5ec3eaa291cf02e20e5025b96d3bf48fd44e3435faf20d92871646c895f98e6,629.3038779999999,16.058692999999998,4,0.002327,"0,0,0",,,645.778,0,0,False,True,,False
anibd,breaking-bad-s2,Breaking Bad,series,1396,2,1,empty,2026-10-02T15:04:09.955083+00:00,b5ec3eaa291cf02e20e5025b96d3bf48fd44e3435faf20d92871646c895f98e6,289.192133,26.16667,4,0.007872,"0,0,0",,,315.719,0,0,False,True,,False
anibd,severance-s2,Severance,series,95396,2,1,empty,2026-10-02T15:04:10.386006+00:00,b5ec3eaa291cf02e20e5025b96d3bf48fd44e3435faf20d92871646c895f98e6,389.902126,40.682608,4,0.0022340000000000003,"0,0,0",,,430.911,0,0,False,True,,False
aniwaves,twilight-zone,The Twilight Zone,series,6357,1,2,empty,2026-10-02T15:04:10.553667+00:00,b5ec3eaa291cf02e20e5025b96d3bf48fd44e3435faf20d92871646c895f98e6,621.6764420000001,14.253236000000001,3,0.002593,"0,0,0",,,636.374,0,0,False,True,,False
anibd,last-of-us-s2,The Last of Us,series,100088,2,1,empty,2026-10-02T15:04:10.674304+00:00,b5ec3eaa291cf02e20e5025b96d3bf48fd44e3435faf20d92871646c895f98e6,247.328107,40.640146,4,0.002293,"0,0,0",,,288.28,0,0,False,True,,False
anibd,cowboy-bebop,Cowboy Bebop,anime,30991,1,2,empty,2026-10-02T15:04:11.039823+00:00,b5ec3eaa291cf02e20e5025b96d3bf48fd44e3435faf20d92871646c895f98e6,323.340332,41.699405,4,0.007527,"0,0,0",,,365.51,0,0,False,True,,False
aniwaves,friends,Friends,series,1668,1,2,empty,2026-10-02T15:04:11.195009+00:00,b5ec3eaa291cf02e20e5025b96d3bf48fd44e3435faf20d92871646c895f98e6,626.877806,14.00381,3,0.0021780000000000002,"0,0,0",,,641.322,0,0,False,True,,False
anibd,death-note,Death Note,anime,13916,1,2,empty,2026-10-02T15:04:11.397486+00:00,b5ec3eaa291cf02e20e5025b96d3bf48fd44e3435faf20d92871646c895f98e6,314.898069,42.313536,4,0.0036279999999999997,"0,0,0",,,357.639,0,0,False,True,,False
aniwaves,breaking-bad-s2,Breaking Bad,series,1396,2,1,empty,2026-10-02T15:04:11.763598+00:00,b5ec3eaa291cf02e20e5025b96d3bf48fd44e3435faf20d92871646c895f98e6,553.444141,14.714802,4,0.003453,"0,0,0",,,568.558,0,0,False,True,,False
anibd,aot-s3,Attack on Titan,anime,1429,3,2,empty,2026-10-02T15:04:11.777598+00:00,b5ec3eaa291cf02e20e5025b96d3bf48fd44e3435faf20d92871646c895f98e6,337.177527,42.479666,4,0.00746,"0,0,0",,,380.106,0,0,False,True,,False
aniwaves,severance-s2,Severance,series,95396,2,1,empty,2026-10-02T15:04:12.436372+00:00,b5ec3eaa291cf02e20e5025b96d3bf48fd44e3435faf20d92871646c895f98e6,647.609712,24.61319,4,0.0036330000000000004,"0,0,0",,,672.766,0,0,False,True,,False
anibd,frieren,Frieren: Beyond Journey’s End,anime,209867,1,2,empty,2026-10-02T15:04:12.670832+00:00,b5ec3eaa291cf02e20e5025b96d3bf48fd44e3435faf20d92871646c895f98e6,828.844473,63.896471999999996,7,0.002362,"0,0,0",,,893.215,0,0,False,True,,False
anibd,solo-leveling-s2,Solo Leveling,anime,127532,2,1,empty,2026-10-02T15:04:13.026766+00:00,b5ec3eaa291cf02e20e5025b96d3bf48fd44e3435faf20d92871646c895f98e6,313.517974,41.884876,4,0.00757,"0,0,0",,,355.91,0,0,False,True,,False
aniwaves,last-of-us-s2,The Last of Us,series,100088,2,1,empty,2026-10-02T15:04:13.090180+00:00,b5ec3eaa291cf02e20e5025b96d3bf48fd44e3435faf20d92871646c895f98e6,627.6278149999999,25.689904,4,0.0027,"0,0,0",,,653.785,0,0,False,True,,False
anibd,akira,Akira,anime_movie,149,,,empty,2026-10-02T15:04:13.382909+00:00,b5ec3eaa291cf02e20e5025b96d3bf48fd44e3435faf20d92871646c895f98e6,312.130248,43.582601,4,0.001983,"0,0,0",,,356.111,0,0,False,True,,False
anibd,spirited-away,Spirited Away,anime_movie,129,,,empty,2026-10-02T15:04:13.774724+00:00,b5ec3eaa291cf02e20e5025b96d3bf48fd44e3435faf20d92871646c895f98e6,352.08403599999997,39.280946,4,0.002464,"0,0,0",,,391.807,0,0,False,True,,False
anibd,your-name,Your Name.,anime_movie,372058,,,empty,2026-10-02T15:04:14.246914+00:00,b5ec3eaa291cf02e20e5025b96d3bf48fd44e3435faf20d92871646c895f98e6,432.538859,39.191122,5,0.002224,"0,0,0",,,472.164,0,0,False,True,,False
anibd,suzume,Suzume,anime_movie,916224,,,empty,2026-10-02T15:04:14.602417+00:00,b5ec3eaa291cf02e20e5025b96d3bf48fd44e3435faf20d92871646c895f98e6,315.835227,39.1158,4,0.007532,"0,0,0",,,355.492,0,0,False,True,,False
anibd,boy-heron,The Boy and the Heron,anime_movie,508883,,,empty,2026-10-02T15:04:14.954637+00:00,b5ec3eaa291cf02e20e5025b96d3bf48fd44e3435faf20d92871646c895f98e6,311.086667,40.621851,4,0.007266000000000001,"0,0,0",,,352.183,0,0,False,True,,False
aniwaves,cowboy-bebop,Cowboy Bebop,anime,30991,1,2,played,2026-10-02T15:04:15.543615+00:00,b5ec3eaa291cf02e20e5025b96d3bf48fd44e3435faf20d92871646c895f98e6,2427.866437,24.939223,11,0.018031000000000002,"0,0,0",3481.20666,918.7550309999999,4585.484,1,1,True,True,eng,False
aniwaves,death-note,Death Note,anime,13916,1,2,played,2026-10-02T15:04:20.095931+00:00,b5ec3eaa291cf02e20e5025b96d3bf48fd44e3435faf20d92871646c895f98e6,2405.566256,14.033059,11,0.018117,"0,0,0",3099.763315,668.0681169999999,4301.679,1,1,True,True,eng,False
aniwaves,aot-s3,Attack on Titan,anime,1429,3,2,played,2026-10-02T15:04:24.387165+00:00,b5ec3eaa291cf02e20e5025b96d3bf48fd44e3435faf20d92871646c895f98e6,2394.771737,14.400381,12,0.005756,"0,0,0",3435.604118,897.982756,4892.509,1,1,True,True,eng,False
aniwaves,frieren,Frieren: Beyond Journey’s End,anime,209867,1,2,played,2026-10-02T15:04:29.306013+00:00,b5ec3eaa291cf02e20e5025b96d3bf48fd44e3435faf20d92871646c895f98e6,2421.234493,14.072095999999998,12,0.022056,"0,0,0",3139.988589,685.091056,4017.342,1,1,True,True,eng,False
aniwaves,solo-leveling-s2,Solo Leveling,anime,127532,2,1,empty,2026-10-02T15:04:31.461682+00:00,b5ec3eaa291cf02e20e5025b96d3bf48fd44e3435faf20d92871646c895f98e6,559.772271,14.111516,4,0.002488,"0,0,0",,,574.354,0,0,False,True,,False
aniwaves,akira,Akira,anime_movie,149,,,played,2026-10-02T15:04:33.781432+00:00,b5ec3eaa291cf02e20e5025b96d3bf48fd44e3435faf20d92871646c895f98e6,2304.8342540000003,14.220132999999999,11,0.017699,"0,0,0",3422.210387,1004.715699,4652.399,1,1,True,True,und,False
aniwaves,spirited-away,Spirited Away,anime_movie,129,,,decode_failed,2026-10-02T15:04:38.460487+00:00,b5ec3eaa291cf02e20e5025b96d3bf48fd44e3435faf20d92871646c895f98e6,2331.803372,13.991334,10,0.005686,"0,0,0",,,2904.279,1,4,False,True,,False
aniwaves,your-name,Your Name.,anime_movie,372058,,,played,2026-10-02T15:04:41.016553+00:00,b5ec3eaa291cf02e20e5025b96d3bf48fd44e3435faf20d92871646c895f98e6,1983.7997650000002,13.859455,10,0.005614,"0,0,0",3125.5802200000003,841.079614,5883.151,1,1,True,True,eng,False
aniwaves,suzume,Suzume,anime_movie,916224,,,played,2026-10-02T15:04:47.393290+00:00,b5ec3eaa291cf02e20e5025b96d3bf48fd44e3435faf20d92871646c895f98e6,2476.87468,14.123422,10,0.017699,"0,0,0",3603.8921020000002,905.456699,4874.43,1,1,True,True,eng,False
aniwaves,boy-heron,The Boy and the Heron,anime_movie,508883,,,played,2026-10-02T15:04:52.046335+00:00,b5ec3eaa291cf02e20e5025b96d3bf48fd44e3435faf20d92871646c895f98e6,2255.619198,13.967884999999999,10,0.017661,"0,0,0",3360.520083,968.9666609999999,4502.87,1,1,True,True,eng,False
moviebox,casablanca,Casablanca,movie,289,,,empty,2026-10-02T15:05:28.603220+00:00,b5ec3eaa291cf02e20e5025b96d3bf48fd44e3435faf20d92871646c895f98e6,663.161388,55.408432,2,0.007328,"0,0,0",,,729.409,0,0,False,True,,False
moviebox,matrix,The Matrix,movie,603,,,empty,2026-10-02T15:05:28.931854+00:00,b5ec3eaa291cf02e20e5025b96d3bf48fd44e3435faf20d92871646c895f98e6,305.971842,22.131864,1,0.007619,"0,0,0",,,328.614,0,0,False,True,,False
moviebox,inception,Inception,movie,27205,,,decode_failed,2026-10-02T15:05:29.440195+00:00,b5ec3eaa291cf02e20e5025b96d3bf48fd44e3435faf20d92871646c895f98e6,487.594018,20.203077,3,0.005614,"0,0,0",,,1073.463,1,1,False,True,,False
moviebox,dune-2,Dune: Part Two,movie,693134,,,empty,2026-10-02T15:05:30.631091+00:00,b5ec3eaa291cf02e20e5025b96d3bf48fd44e3435faf20d92871646c895f98e6,603.444914,21.822716,2,0.002026,"0,0,0",,,625.704,0,0,False,True,,False
imdbplay,casablanca,Casablanca,movie,289,,,played,2026-10-02T15:05:25.289368+00:00,b5ec3eaa291cf02e20e5025b96d3bf48fd44e3435faf20d92871646c895f98e6,1770.218956,54.650487999999996,8,0.017759,"0,0,0",5132.334444,2502.652759,8073.163,1,1,True,True,,False
moviebox,sinners,Sinners,movie,1233413,,,decode_failed,2026-10-02T15:05:31.192464+00:00,b5ec3eaa291cf02e20e5025b96d3bf48fd44e3435faf20d92871646c895f98e6,539.312625,21.626437,3,0.0061129999999999995,"0,0,0",,,1341.114,2,2,False,True,,False
moviebox,twilight-zone,The Twilight Zone,series,6357,1,2,decode_failed,2026-10-02T15:05:32.570993+00:00,b5ec3eaa291cf02e20e5025b96d3bf48fd44e3435faf20d92871646c895f98e6,576.9662,21.198974,3,0.006594,"0,0,0",,,1378.703,4,2,False,True,,False
moviebox,friends,Friends,series,1668,1,2,decode_failed,2026-10-02T15:05:33.922378+00:00,b5ec3eaa291cf02e20e5025b96d3bf48fd44e3435faf20d92871646c895f98e6,548.368808,22.485264,3,0.006523999999999999,"0,0,0",,,1301.231,3,2,False,True,,False
moviebox,breaking-bad-s2,Breaking Bad,series,1396,2,1,decode_failed,2026-10-02T15:05:35.159418+00:00,b5ec3eaa291cf02e20e5025b96d3bf48fd44e3435faf20d92871646c895f98e6,486.445179,19.955692,3,0.020697,"0,0,0",,,1437.551,4,2,False,True,,False
moviebox,severance-s2,Severance,series,95396,2,1,decode_failed,2026-10-02T15:05:36.568949+00:00,b5ec3eaa291cf02e20e5025b96d3bf48fd44e3435faf20d92871646c895f98e6,455.959771,22.660136,3,0.006828,"0,0,0",,,1208.764,4,2,False,True,,False
moviebox,last-of-us-s2,The Last of Us,series,100088,2,1,decode_failed,2026-10-02T15:05:37.880866+00:00,b5ec3eaa291cf02e20e5025b96d3bf48fd44e3435faf20d92871646c895f98e6,560.102672,21.577496,3,0.007201,"0,0,0",,,1362.012,3,2,False,True,,False
moviebox,cowboy-bebop,Cowboy Bebop,anime,30991,1,2,empty,2026-10-02T15:05:39.243956+00:00,b5ec3eaa291cf02e20e5025b96d3bf48fd44e3435faf20d92871646c895f98e6,559.7606539999999,23.138096,3,0.002796,"0,0,0",,,583.318,0,0,False,True,,False
moviebox,death-note,Death Note,anime,13916,1,2,empty,2026-10-02T15:05:39.875870+00:00,b5ec3eaa291cf02e20e5025b96d3bf48fd44e3435faf20d92871646c895f98e6,608.799542,22.628019,3,0.007207,"0,0,0",,,631.893,0,0,False,True,,False
moviebox,aot-s3,Attack on Titan,anime,1429,3,2,empty,2026-10-02T15:05:40.395134+00:00,b5ec3eaa291cf02e20e5025b96d3bf48fd44e3435faf20d92871646c895f98e6,495.80551899999995,23.072718,3,0.007204,"0,0,0",,,519.248,0,0,False,True,,False
moviebox,frieren,Frieren: Beyond Journey’s End,anime,209867,1,2,empty,2026-10-02T15:05:40.960722+00:00,b5ec3eaa291cf02e20e5025b96d3bf48fd44e3435faf20d92871646c895f98e6,543.099876,21.980301,3,0.0074399999999999996,"0,0,0",,,565.585,0,0,False,True,,False
moviebox,solo-leveling-s2,Solo Leveling,anime,127532,2,1,empty,2026-10-02T15:05:41.536425+00:00,b5ec3eaa291cf02e20e5025b96d3bf48fd44e3435faf20d92871646c895f98e6,553.7983909999999,21.448151,3,0.007798,"0,0,0",,,575.674,0,0,False,True,,False
imdbplay,matrix,The Matrix,movie,603,,,played,2026-10-02T15:05:33.025033+00:00,b5ec3eaa291cf02e20e5025b96d3bf48fd44e3435faf20d92871646c895f98e6,1476.421727,19.795446000000002,8,0.005732,"0,0,0",4866.208173,4653.923731999999,10090.067,1,1,True,True,,False
moviebox,akira,Akira,anime_movie,149,,,empty,2026-10-02T15:05:42.189151+00:00,b5ec3eaa291cf02e20e5025b96d3bf48fd44e3435faf20d92871646c895f98e6,630.562013,21.73365,3,0.002192,"0,0,0",,,652.714,0,0,False,True,,False
moviebox,spirited-away,Spirited Away,anime_movie,129,,,empty,2026-10-02T15:05:42.955654+00:00,b5ec3eaa291cf02e20e5025b96d3bf48fd44e3435faf20d92871646c895f98e6,744.512801,21.469769,3,0.00709,"0,0,0",,,766.481,0,0,False,True,,False
moviebox,your-name,Your Name.,anime_movie,372058,,,empty,2026-10-02T15:05:43.568583+00:00,b5ec3eaa291cf02e20e5025b96d3bf48fd44e3435faf20d92871646c895f98e6,590.900231,21.414962,3,0.007345999999999999,"0,0,0",,,612.897,0,0,False,True,,False
moviebox,suzume,Suzume,anime_movie,916224,,,empty,2026-10-02T15:05:44.126077+00:00,b5ec3eaa291cf02e20e5025b96d3bf48fd44e3435faf20d92871646c895f98e6,536.439455,20.566340999999998,3,0.007038,"0,0,0",,,557.484,0,0,False,True,,False
moviebox,boy-heron,The Boy and the Heron,anime_movie,508883,,,empty,2026-10-02T15:05:44.653503+00:00,b5ec3eaa291cf02e20e5025b96d3bf48fd44e3435faf20d92871646c895f98e6,504.28891,22.733751,3,0.002067,"0,0,0",,,527.393,0,0,False,True,,False
netlio,casablanca,Casablanca,movie,289,,,empty,2026-10-02T15:05:44.809472+00:00,b5ec3eaa291cf02e20e5025b96d3bf48fd44e3435faf20d92871646c895f98e6,87.786844,55.164238999999995,1,0.002102,"0,0,0",,,154.406,0,0,False,True,,False
netlio,matrix,The Matrix,movie,603,,,empty,2026-10-02T15:05:44.896584+00:00,b5ec3eaa291cf02e20e5025b96d3bf48fd44e3435faf20d92871646c895f98e6,67.553398,19.184151,1,0.002123,"0,0,0",,,87.08,0,0,False,True,,False
netlio,inception,Inception,movie,27205,,,empty,2026-10-02T15:05:44.995116+00:00,b5ec3eaa291cf02e20e5025b96d3bf48fd44e3435faf20d92871646c895f98e6,79.216186,18.853794,1,0.007508,"0,0,0",,,98.528,0,0,False,True,,False
netlio,dune-2,Dune: Part Two,movie,693134,,,empty,2026-10-02T15:05:45.104368+00:00,b5ec3eaa291cf02e20e5025b96d3bf48fd44e3435faf20d92871646c895f98e6,89.434201,19.346041,1,0.002065,"0,0,0",,,109.227,0,0,False,True,,False
netlio,sinners,Sinners,movie,1233413,,,empty,2026-10-02T15:05:45.178616+00:00,b5ec3eaa291cf02e20e5025b96d3bf48fd44e3435faf20d92871646c895f98e6,54.468968,19.018178,1,0.007998,"0,0,0",,,74.226,0,0,False,True,,False
netlio,twilight-zone,The Twilight Zone,series,6357,1,2,empty,2026-10-02T15:05:45.258462+00:00,b5ec3eaa291cf02e20e5025b96d3bf48fd44e3435faf20d92871646c895f98e6,59.372341,19.964599,1,0.0074789999999999995,"0,0,0",,,79.836,0,0,False,True,,False
netlio,friends,Friends,series,1668,1,2,empty,2026-10-02T15:05:45.346181+00:00,b5ec3eaa291cf02e20e5025b96d3bf48fd44e3435faf20d92871646c895f98e6,67.770001,19.353945,1,0.010913999999999998,"0,0,0",,,87.697,0,0,False,True,,False
netlio,breaking-bad-s2,Breaking Bad,series,1396,2,1,empty,2026-10-02T15:05:45.480060+00:00,b5ec3eaa291cf02e20e5025b96d3bf48fd44e3435faf20d92871646c895f98e6,113.907754,19.401464,2,0.007489,"0,0,0",,,133.847,0,0,False,True,,False
netlio,severance-s2,Severance,series,95396,2,1,empty,2026-10-02T15:05:45.583162+00:00,b5ec3eaa291cf02e20e5025b96d3bf48fd44e3435faf20d92871646c895f98e6,83.350218,19.362329000000003,1,0.002291,"0,0,0",,,103.067,0,0,False,True,,False
netlio,last-of-us-s2,The Last of Us,series,100088,2,1,empty,2026-10-02T15:05:45.669359+00:00,b5ec3eaa291cf02e20e5025b96d3bf48fd44e3435faf20d92871646c895f98e6,66.576221,19.151316,1,0.007223,"0,0,0",,,86.189,0,0,False,True,,False
netlio,cowboy-bebop,Cowboy Bebop,anime,30991,1,2,empty,2026-10-02T15:05:45.768531+00:00,b5ec3eaa291cf02e20e5025b96d3bf48fd44e3435faf20d92871646c895f98e6,79.30751099999999,19.349997000000002,1,0.0073479999999999995,"0,0,0",,,99.156,0,0,False,True,,False
netlio,death-note,Death Note,anime,13916,1,2,empty,2026-10-02T15:05:45.844597+00:00,b5ec3eaa291cf02e20e5025b96d3bf48fd44e3435faf20d92871646c895f98e6,56.228104,19.345466,1,0.007327,"0,0,0",,,76.042,0,0,False,True,,False
netlio,aot-s3,Attack on Titan,anime,1429,3,2,empty,2026-10-02T15:05:46.016788+00:00,b5ec3eaa291cf02e20e5025b96d3bf48fd44e3435faf20d92871646c895f98e6,151.75866399999998,19.85174,2,0.00734,"0,0,0",,,172.169,0,0,False,True,,False
netlio,frieren,Frieren: Beyond Journey’s End,anime,209867,1,2,empty,2026-10-02T15:05:46.211551+00:00,b5ec3eaa291cf02e20e5025b96d3bf48fd44e3435faf20d92871646c895f98e6,174.79482299999998,19.428436,2,0.007248,"0,0,0",,,194.736,0,0,False,True,,False
netlio,solo-leveling-s2,Solo Leveling,anime,127532,2,1,empty,2026-10-02T15:05:46.288266+00:00,b5ec3eaa291cf02e20e5025b96d3bf48fd44e3435faf20d92871646c895f98e6,56.879361,19.33345,1,0.002826,"0,0,0",,,76.684,0,0,False,True,,False
netlio,akira,Akira,anime_movie,149,,,empty,2026-10-02T15:05:46.463291+00:00,b5ec3eaa291cf02e20e5025b96d3bf48fd44e3435faf20d92871646c895f98e6,155.459752,19.064071,2,0.007228999999999999,"0,0,0",,,175.015,0,0,False,True,,False
netlio,spirited-away,Spirited Away,anime_movie,129,,,empty,2026-10-02T15:05:46.554698+00:00,b5ec3eaa291cf02e20e5025b96d3bf48fd44e3435faf20d92871646c895f98e6,71.72223,19.171069999999997,1,0.007391999999999999,"0,0,0",,,91.382,0,0,False,True,,False
netlio,your-name,Your Name.,anime_movie,372058,,,empty,2026-10-02T15:05:46.645209+00:00,b5ec3eaa291cf02e20e5025b96d3bf48fd44e3435faf20d92871646c895f98e6,70.599311,19.414707,1,0.007321,"0,0,0",,,90.488,0,0,False,True,,False
netlio,suzume,Suzume,anime_movie,916224,,,empty,2026-10-02T15:05:46.755080+00:00,b5ec3eaa291cf02e20e5025b96d3bf48fd44e3435faf20d92871646c895f98e6,90.49508900000001,18.901063,2,0.007212,"0,0,0",,,109.853,0,0,False,True,,False
netlio,boy-heron,The Boy and the Heron,anime_movie,508883,,,empty,2026-10-02T15:05:46.853021+00:00,b5ec3eaa291cf02e20e5025b96d3bf48fd44e3435faf20d92871646c895f98e6,78.42847499999999,18.997208,1,0.014769000000000001,"0,0,0",,,97.916,0,0,False,True,,False
imdbplay,inception,Inception,movie,27205,,,played,2026-10-02T15:05:43.024268+00:00,b5ec3eaa291cf02e20e5025b96d3bf48fd44e3435faf20d92871646c895f98e6,1385.424126,20.039116999999997,8,0.005845,"0,0,0",5684.842243,3831.742845,10100.372,1,1,True,True,,False
imdbplay,dune-2,Dune: Part Two,movie,693134,,,played,2026-10-02T15:05:53.099227+00:00,b5ec3eaa291cf02e20e5025b96d3bf48fd44e3435faf20d92871646c895f98e6,1358.6405909999999,21.198278000000002,8,0.017719000000000002,"0,0,0",5046.919869,3851.907719,9273.087,1,1,True,True,,False
cinewave,casablanca,Casablanca,movie,289,,,resolve_timeout,2026-10-02T15:06:02.716330+00:00,b5ec3eaa291cf02e20e5025b96d3bf48fd44e3435faf20d92871646c895f98e6,35002.96028000001,65.55434100000001,35,5002.065848,9,,,40080.749,0,0,False,True,,False
imdbplay,sinners,Sinners,movie,1233413,,,played,2026-10-02T15:06:02.409150+00:00,b5ec3eaa291cf02e20e5025b96d3bf48fd44e3435faf20d92871646c895f98e6,1392.986989,23.654165000000003,8,0.017714999999999998,"0,0,0",4953.319154000001,4449.407715,9810.509,1,1,True,True,,False
nowhdtime,casablanca,Casablanca,movie,289,,,empty,2026-10-02T15:06:11.925437+00:00,b5ec3eaa291cf02e20e5025b96d3bf48fd44e3435faf20d92871646c895f98e6,25001.453306,60.057576000000005,1,0.007554,"0,0,0",,,25070.606,0,0,False,True,,False
necro,casablanca,Casablanca,movie,289,,,resolve_timeout,2026-10-02T15:06:16.373088+00:00,b5ec3eaa291cf02e20e5025b96d3bf48fd44e3435faf20d92871646c895f98e6,35001.706061,58.855057,23,5000.970661,2,,,40071.819,0,0,False,True,,False
imdbplay,twilight-zone,The Twilight Zone,series,6357,1,2,played,2026-10-02T15:06:12.253226+00:00,b5ec3eaa291cf02e20e5025b96d3bf48fd44e3435faf20d92871646c895f98e6,1430.741039,19.396468,8,0.018532,"0,0,0",4480.726506999999,2202.367532,7289.478,1,1,True,True,,False
imdbplay,friends,Friends,series,1668,1,2,played,2026-10-02T15:06:19.513901+00:00,b5ec3eaa291cf02e20e5025b96d3bf48fd44e3435faf20d92871646c895f98e6,1401.599438,19.849424000000003,8,0.007125,"0,0,0",4056.0088619999997,2002.865125,6558.852,1,1,True,True,,False
imdbplay,breaking-bad-s2,Breaking Bad,series,1396,2,1,played,2026-10-02T15:06:26.048973+00:00,b5ec3eaa291cf02e20e5025b96d3bf48fd44e3435faf20d92871646c895f98e6,1377.0822030000002,20.465912,8,0.018182,"0,0,0",4374.668115,2376.4861819999996,7186.503,1,1,True,True,,False
nowhdtime,matrix,The Matrix,movie,603,,,empty,2026-10-02T15:06:36.948118+00:00,b5ec3eaa291cf02e20e5025b96d3bf48fd44e3435faf20d92871646c895f98e6,25001.729432,20.533536,1,0.001939,"0,0,0",,,25022.664,0,0,False,True,,False
imdbplay,severance-s2,Severance,series,95396,2,1,played,2026-10-02T15:06:33.230004+00:00,b5ec3eaa291cf02e20e5025b96d3bf48fd44e3435faf20d92871646c895f98e6,1372.5834869999999,19.583043,8,0.006718,"0,0,0",3996.46053,2720.069718,6981.371,1,1,True,True,,False
cinewave,matrix,The Matrix,movie,603,,,resolve_timeout,2026-10-02T15:06:42.739665+00:00,b5ec3eaa291cf02e20e5025b96d3bf48fd44e3435faf20d92871646c895f98e6,35001.297619,19.885779,22,5001.303221,14,,,40023.311,0,0,False,True,,False
imdbplay,last-of-us-s2,The Last of Us,series,100088,2,1,played,2026-10-02T15:06:40.220660+00:00,b5ec3eaa291cf02e20e5025b96d3bf48fd44e3435faf20d92871646c895f98e6,1381.628183,19.742526,8,0.008525000000000001,"0,0,0",6128.184709,4275.493525,10847.323,1,1,True,True,,False
imdbplay,cowboy-bebop,Cowboy Bebop,anime,30991,1,2,empty,2026-10-02T15:06:51.062874+00:00,b5ec3eaa291cf02e20e5025b96d3bf48fd44e3435faf20d92871646c895f98e6,1376.787197,19.5233,8,0.007435,"0,0,0",,,1396.838,0,0,False,True,,False
imdbplay,death-note,Death Note,anime,13916,1,2,empty,2026-10-02T15:06:52.448827+00:00,b5ec3eaa291cf02e20e5025b96d3bf48fd44e3435faf20d92871646c895f98e6,1366.127262,19.322788,8,0.007498,"0,0,0",,,1385.93,0,0,False,True,,False
imdbplay,aot-s3,Attack on Titan,anime,1429,3,2,empty,2026-10-02T15:06:53.842225+00:00,b5ec3eaa291cf02e20e5025b96d3bf48fd44e3435faf20d92871646c895f98e6,1373.158656,19.826752,8,0.0075379999999999996,"0,0,0",,,1393.369,0,0,False,True,,False
imdbplay,frieren,Frieren: Beyond Journey’s End,anime,209867,1,2,empty,2026-10-02T15:06:55.217926+00:00,b5ec3eaa291cf02e20e5025b96d3bf48fd44e3435faf20d92871646c895f98e6,1356.301935,19.005652,8,0.007363,"0,0,0",,,1375.685,0,0,False,True,,False
necro,matrix,The Matrix,movie,603,,,resolve_timeout,2026-10-02T15:06:56.395221+00:00,b5ec3eaa291cf02e20e5025b96d3bf48fd44e3435faf20d92871646c895f98e6,35000.922344000006,19.580510999999998,17,5001.020306,2,,,40022.119,0,0,False,True,,False
imdbplay,solo-leveling-s2,Solo Leveling,anime,127532,2,1,empty,2026-10-02T15:06:56.607962+00:00,b5ec3eaa291cf02e20e5025b96d3bf48fd44e3435faf20d92871646c895f98e6,1370.076425,19.528051,8,0.00753,"0,0,0",,,1390.022,0,0,False,True,,False
imdbplay,akira,Akira,anime_movie,149,,,empty,2026-10-02T15:06:57.986257+00:00,b5ec3eaa291cf02e20e5025b96d3bf48fd44e3435faf20d92871646c895f98e6,1358.652705,19.288755000000002,8,0.002193,"0,0,0",,,1378.281,0,0,False,True,,False
imdbplay,spirited-away,Spirited Away,anime_movie,129,,,empty,2026-10-02T15:06:59.384122+00:00,b5ec3eaa291cf02e20e5025b96d3bf48fd44e3435faf20d92871646c895f98e6,1377.76347,19.653262,8,0.007478,"0,0,0",,,1397.848,0,0,False,True,,False
imdbplay,your-name,Your Name.,anime_movie,372058,,,empty,2026-10-02T15:07:00.793454+00:00,b5ec3eaa291cf02e20e5025b96d3bf48fd44e3435faf20d92871646c895f98e6,1389.511547,19.349311,8,0.002517,"0,0,0",,,1409.32,0,0,False,True,,False
nowhdtime,inception,Inception,movie,27205,,,empty,2026-10-02T15:07:01.971265+00:00,b5ec3eaa291cf02e20e5025b96d3bf48fd44e3435faf20d92871646c895f98e6,25001.648839,21.060283,1,0.002086,"0,0,0",,,25023.12,0,0,False,True,,False
imdbplay,suzume,Suzume,anime_movie,916224,,,empty,2026-10-02T15:07:02.313660+00:00,b5ec3eaa291cf02e20e5025b96d3bf48fd44e3435faf20d92871646c895f98e6,1499.6295790000001,20.10418,8,0.002189,"0,0,0",,,1520.183,0,0,False,True,,False
imdbplay,boy-heron,The Boy and the Heron,anime_movie,508883,,,empty,2026-10-02T15:07:03.726753+00:00,b5ec3eaa291cf02e20e5025b96d3bf48fd44e3435faf20d92871646c895f98e6,1393.0019310000002,19.562705,8,0.007595,"0,0,0",,,1413.068,0,0,False,True,,False
peckle,casablanca,Casablanca,movie,289,,,empty,2026-10-02T15:07:03.786747+00:00,b5ec3eaa291cf02e20e5025b96d3bf48fd44e3435faf20d92871646c895f98e6,0.161767,48.250004,0,0.01082,"0,0,0",,,58.294,0,0,False,True,,False
peckle,matrix,The Matrix,movie,603,,,empty,2026-10-02T15:07:03.801365+00:00,b5ec3eaa291cf02e20e5025b96d3bf48fd44e3435faf20d92871646c895f98e6,0.151135,14.004674999999999,0,0.007026999999999999,"0,0,0",,,14.598,0,0,False,True,,False
peckle,inception,Inception,movie,27205,,,empty,2026-10-02T15:07:03.815943+00:00,b5ec3eaa291cf02e20e5025b96d3bf48fd44e3435faf20d92871646c895f98e6,0.112242,14.059904,0,0.001802,"0,0,0",,,14.557,0,0,False,True,,False
peckle,dune-2,Dune: Part Two,movie,693134,,,empty,2026-10-02T15:07:03.830027+00:00,b5ec3eaa291cf02e20e5025b96d3bf48fd44e3435faf20d92871646c895f98e6,0.104847,13.571813,0,0.001897,"0,0,0",,,14.06,0,0,False,True,,False
peckle,sinners,Sinners,movie,1233413,,,empty,2026-10-02T15:07:03.844195+00:00,b5ec3eaa291cf02e20e5025b96d3bf48fd44e3435faf20d92871646c895f98e6,0.174313,13.62802,0,0.002317,"0,0,0",,,14.138,0,0,False,True,,False
peckle,twilight-zone,The Twilight Zone,series,6357,1,2,empty,2026-10-02T15:07:03.858493+00:00,b5ec3eaa291cf02e20e5025b96d3bf48fd44e3435faf20d92871646c895f98e6,0.105258,13.779763,0,0.0019939999999999997,"0,0,0",,,14.283,0,0,False,True,,False
peckle,friends,Friends,series,1668,1,2,empty,2026-10-02T15:07:03.872507+00:00,b5ec3eaa291cf02e20e5025b96d3bf48fd44e3435faf20d92871646c895f98e6,0.10398600000000001,13.591649,0,0.002194,"0,0,0",,,13.996,0,0,False,True,,False
peckle,breaking-bad-s2,Breaking Bad,series,1396,2,1,empty,2026-10-02T15:07:03.886932+00:00,b5ec3eaa291cf02e20e5025b96d3bf48fd44e3435faf20d92871646c895f98e6,0.174181,13.925433,0,0.0022069999999999998,"0,0,0",,,14.403,0,0,False,True,,False
peckle,severance-s2,Severance,series,95396,2,1,empty,2026-10-02T15:07:03.901462+00:00,b5ec3eaa291cf02e20e5025b96d3bf48fd44e3435faf20d92871646c895f98e6,0.107368,14.0372,0,0.001967,"0,0,0",,,14.521,0,0,False,True,,False
peckle,last-of-us-s2,The Last of Us,series,100088,2,1,empty,2026-10-02T15:07:03.915836+00:00,b5ec3eaa291cf02e20e5025b96d3bf48fd44e3435faf20d92871646c895f98e6,0.16085,13.733927999999999,0,0.0072640000000000005,"0,0,0",,,14.354,0,0,False,True,,False
peckle,cowboy-bebop,Cowboy Bebop,anime,30991,1,2,empty,2026-10-02T15:07:03.930298+00:00,b5ec3eaa291cf02e20e5025b96d3bf48fd44e3435faf20d92871646c895f98e6,0.120016,13.949836,0,0.002118,"0,0,0",,,14.437,0,0,False,True,,False
peckle,death-note,Death Note,anime,13916,1,2,empty,2026-10-02T15:07:03.944140+00:00,b5ec3eaa291cf02e20e5025b96d3bf48fd44e3435faf20d92871646c895f98e6,0.103521,13.357783,0,0.0019420000000000001,"0,0,0",,,13.82,0,0,False,True,,False
peckle,aot-s3,Attack on Titan,anime,1429,3,2,empty,2026-10-02T15:07:03.958506+00:00,b5ec3eaa291cf02e20e5025b96d3bf48fd44e3435faf20d92871646c895f98e6,0.147428,13.775838,0,0.002969,"0,0,0",,,14.35,0,0,False,True,,False
peckle,frieren,Frieren: Beyond Journey’s End,anime,209867,1,2,empty,2026-10-02T15:07:03.973226+00:00,b5ec3eaa291cf02e20e5025b96d3bf48fd44e3435faf20d92871646c895f98e6,0.141815,14.098006,0,0.007294999999999999,"0,0,0",,,14.697,0,0,False,True,,False
peckle,solo-leveling-s2,Solo Leveling,anime,127532,2,1,empty,2026-10-02T15:07:03.987663+00:00,b5ec3eaa291cf02e20e5025b96d3bf48fd44e3435faf20d92871646c895f98e6,0.1513,13.822128,0,0.007118,"0,0,0",,,14.41,0,0,False,True,,False
peckle,akira,Akira,anime_movie,149,,,empty,2026-10-02T15:07:04.002247+00:00,b5ec3eaa291cf02e20e5025b96d3bf48fd44e3435faf20d92871646c895f98e6,0.15758,13.956872,0,0.007252,"0,0,0",,,14.566,0,0,False,True,,False
peckle,spirited-away,Spirited Away,anime_movie,129,,,empty,2026-10-02T15:07:04.016739+00:00,b5ec3eaa291cf02e20e5025b96d3bf48fd44e3435faf20d92871646c895f98e6,0.14049599999999998,13.900598,0,0.011328999999999999,"0,0,0",,,14.464,0,0,False,True,,False
peckle,your-name,Your Name.,anime_movie,372058,,,empty,2026-10-02T15:07:04.031399+00:00,b5ec3eaa291cf02e20e5025b96d3bf48fd44e3435faf20d92871646c895f98e6,0.156081,14.027466,0,0.00732,"0,0,0",,,14.644,0,0,False,True,,False
peckle,suzume,Suzume,anime_movie,916224,,,empty,2026-10-02T15:07:04.046525+00:00,b5ec3eaa291cf02e20e5025b96d3bf48fd44e3435faf20d92871646c895f98e6,0.22639099999999998,14.502424999999999,0,0.007108000000000001,"0,0,0",,,15.091,0,0,False,True,,False
peckle,boy-heron,The Boy and the Heron,anime_movie,508883,,,empty,2026-10-02T15:07:04.061086+00:00,b5ec3eaa291cf02e20e5025b96d3bf48fd44e3435faf20d92871646c895f98e6,0.12109099999999999,14.133322,0,0.003274,"0,0,0",,,14.546,0,0,False,True,,False
primeshows,casablanca,Casablanca,movie,289,,,resolve_error,2026-10-02T15:07:04.353208+00:00,b5ec3eaa291cf02e20e5025b96d3bf48fd44e3435faf20d92871646c895f98e6,239.51868000000002,41.191623,1,0.099781,1,,,290.658,0,0,False,True,,False
primeshows,matrix,The Matrix,movie,603,,,resolve_error,2026-10-02T15:07:04.367452+00:00,b5ec3eaa291cf02e20e5025b96d3bf48fd44e3435faf20d92871646c895f98e6,0.137144,13.649980000000001,1,0.026202,1,,,14.235,0,0,False,True,,False
primeshows,inception,Inception,movie,27205,,,resolve_error,2026-10-02T15:07:04.381440+00:00,b5ec3eaa291cf02e20e5025b96d3bf48fd44e3435faf20d92871646c895f98e6,0.12023500000000001,13.407464,1,0.024286000000000002,1,,,13.964,0,0,False,True,,False
primeshows,dune-2,Dune: Part Two,movie,693134,,,resolve_error,2026-10-02T15:07:04.395419+00:00,b5ec3eaa291cf02e20e5025b96d3bf48fd44e3435faf20d92871646c895f98e6,0.125302,13.389988,1,0.024794999999999998,1,,,13.967,0,0,False,True,,False
primeshows,sinners,Sinners,movie,1233413,,,resolve_error,2026-10-02T15:07:04.409569+00:00,b5ec3eaa291cf02e20e5025b96d3bf48fd44e3435faf20d92871646c895f98e6,0.172757,13.441651,1,0.057333999999999996,1,,,14.119,0,0,False,True,,False
primeshows,twilight-zone,The Twilight Zone,series,6357,1,2,resolve_error,2026-10-02T15:07:04.423971+00:00,b5ec3eaa291cf02e20e5025b96d3bf48fd44e3435faf20d92871646c895f98e6,0.181689,13.707937,1,0.061606999999999995,1,,,14.381,0,0,False,True,,False
primeshows,friends,Friends,series,1668,1,2,resolve_error,2026-10-02T15:07:04.438570+00:00,b5ec3eaa291cf02e20e5025b96d3bf48fd44e3435faf20d92871646c895f98e6,0.160805,13.908847,1,0.058220999999999995,1,,,14.576,0,0,False,True,,False
primeshows,breaking-bad-s2,Breaking Bad,series,1396,2,1,resolve_error,2026-10-02T15:07:04.453358+00:00,b5ec3eaa291cf02e20e5025b96d3bf48fd44e3435faf20d92871646c895f98e6,0.186639,14.118877,1,0.059218,1,,,14.759,0,0,False,True,,False
primeshows,severance-s2,Severance,series,95396,2,1,resolve_error,2026-10-02T15:07:04.467346+00:00,b5ec3eaa291cf02e20e5025b96d3bf48fd44e3435faf20d92871646c895f98e6,0.12249299999999999,13.470882999999999,1,0.025936,1,,,13.971,0,0,False,True,,False
primeshows,last-of-us-s2,The Last of Us,series,100088,2,1,resolve_error,2026-10-02T15:07:04.481425+00:00,b5ec3eaa291cf02e20e5025b96d3bf48fd44e3435faf20d92871646c895f98e6,0.163481,13.439937,1,0.041278,1,,,14.08,0,0,False,True,,False
primeshows,cowboy-bebop,Cowboy Bebop,anime,30991,1,2,resolve_error,2026-10-02T15:07:04.495842+00:00,b5ec3eaa291cf02e20e5025b96d3bf48fd44e3435faf20d92871646c895f98e6,0.131178,13.789094,1,0.054141,1,,,14.383,0,0,False,True,,False
primeshows,death-note,Death Note,anime,13916,1,2,resolve_error,2026-10-02T15:07:04.509860+00:00,b5ec3eaa291cf02e20e5025b96d3bf48fd44e3435faf20d92871646c895f98e6,0.134871,13.461318,1,0.026014,1,,,13.999,0,0,False,True,,False
primeshows,aot-s3,Attack on Titan,anime,1429,3,2,resolve_error,2026-10-02T15:07:04.524024+00:00,b5ec3eaa291cf02e20e5025b96d3bf48fd44e3435faf20d92871646c895f98e6,0.14341,13.564806,1,0.028187,1,,,14.142,0,0,False,True,,False
primeshows,frieren,Frieren: Beyond Journey’s End,anime,209867,1,2,resolve_error,2026-10-02T15:07:04.538427+00:00,b5ec3eaa291cf02e20e5025b96d3bf48fd44e3435faf20d92871646c895f98e6,0.12994,13.912533,1,0.027184,1,,,14.376,0,0,False,True,,False
primeshows,solo-leveling-s2,Solo Leveling,anime,127532,2,1,resolve_error,2026-10-02T15:07:04.552204+00:00,b5ec3eaa291cf02e20e5025b96d3bf48fd44e3435faf20d92871646c895f98e6,0.131196,13.306058,1,0.026666,1,,,13.757,0,0,False,True,,False
primeshows,akira,Akira,anime_movie,149,,,resolve_error,2026-10-02T15:07:04.566112+00:00,b5ec3eaa291cf02e20e5025b96d3bf48fd44e3435faf20d92871646c895f98e6,0.129282,13.40785,1,0.025558,1,,,13.895,0,0,False,True,,False
primeshows,spirited-away,Spirited Away,anime_movie,129,,,resolve_error,2026-10-02T15:07:04.580285+00:00,b5ec3eaa291cf02e20e5025b96d3bf48fd44e3435faf20d92871646c895f98e6,0.148949,13.670874,1,0.027526000000000002,1,,,14.157,0,0,False,True,,False
primeshows,your-name,Your Name.,anime_movie,372058,,,resolve_error,2026-10-02T15:07:04.594360+00:00,b5ec3eaa291cf02e20e5025b96d3bf48fd44e3435faf20d92871646c895f98e6,0.126026,13.609664,1,0.029418,1,,,14.057,0,0,False,True,,False
primeshows,suzume,Suzume,anime_movie,916224,,,resolve_error,2026-10-02T15:07:04.608250+00:00,b5ec3eaa291cf02e20e5025b96d3bf48fd44e3435faf20d92871646c895f98e6,0.130887,13.333266,1,0.024901,1,,,13.883,0,0,False,True,,False
primeshows,boy-heron,The Boy and the Heron,anime_movie,508883,,,resolve_error,2026-10-02T15:07:04.622777+00:00,b5ec3eaa291cf02e20e5025b96d3bf48fd44e3435faf20d92871646c895f98e6,0.173661,13.888328999999999,1,0.06476,1,,,14.499,0,0,False,True,,False
vidfast,casablanca,Casablanca,movie,289,,,empty,2026-10-02T15:07:13.626696+00:00,b5ec3eaa291cf02e20e5025b96d3bf48fd44e3435faf20d92871646c895f98e6,8949.406611,42.024032000000005,6,0.002103,"0,0,0",,,9002.391,0,0,False,True,,False
cinewave,inception,Inception,movie,27205,,,resolve_timeout,2026-10-02T15:07:22.763061+00:00,b5ec3eaa291cf02e20e5025b96d3bf48fd44e3435faf20d92871646c895f98e6,35001.384708000005,19.811167,15,5001.570629,3,,,40023.368,0,0,False,True,,False
vidfast,matrix,The Matrix,movie,603,,,empty,2026-10-02T15:07:24.539739+00:00,b5ec3eaa291cf02e20e5025b96d3bf48fd44e3435faf20d92871646c895f98e6,10897.936393,14.637127999999999,6,0.0020710000000000004,"0,0,0",,,10913.025,0,0,False,True,,False
nowhdtime,dune-2,Dune: Part Two,movie,693134,,,empty,2026-10-02T15:07:26.993222+00:00,b5ec3eaa291cf02e20e5025b96d3bf48fd44e3435faf20d92871646c895f98e6,25001.638016,19.897866999999998,1,0.002006,"0,0,0",,,25021.937,0,0,False,True,,False
necro,inception,Inception,movie,27205,,,resolve_timeout,2026-10-02T15:07:36.418124+00:00,b5ec3eaa291cf02e20e5025b96d3bf48fd44e3435faf20d92871646c895f98e6,35000.906043999996,19.851734999999998,17,5001.513102999999,2,,,40022.875,0,0,False,True,,False
vidking,casablanca,Casablanca,movie,289,,,empty,2026-10-02T15:07:45.416285+00:00,b5ec3eaa291cf02e20e5025b96d3bf48fd44e3435faf20d92871646c895f98e6,21613.574739,40.712849000000006,7,0.00218,"0,0,0",,,21663.195,0,0,False,True,,False
vidking,matrix,The Matrix,movie,603,,,empty,2026-10-02T15:07:46.665947+00:00,b5ec3eaa291cf02e20e5025b96d3bf48fd44e3435faf20d92871646c895f98e6,1234.668805,14.605398000000001,7,0.00214,"0,0,0",,,1249.632,0,0,False,True,,False
vidfast,inception,Inception,movie,27205,,,empty,2026-10-02T15:07:47.090513+00:00,b5ec3eaa291cf02e20e5025b96d3bf48fd44e3435faf20d92871646c895f98e6,22535.820914,14.396930000000001,6,0.006914,"0,0,0",,,22550.757,0,0,False,True,,False
nowhdtime,sinners,Sinners,movie,1233413,,,empty,2026-10-02T15:07:52.015283+00:00,b5ec3eaa291cf02e20e5025b96d3bf48fd44e3435faf20d92871646c895f98e6,25001.245402999997,20.339547,1,0.0022500000000000003,"0,0,0",,,25022.041,0,0,False,True,,False
cinewave,dune-2,Dune: Part Two,movie,693134,,,resolve_timeout,2026-10-02T15:08:02.787099+00:00,b5ec3eaa291cf02e20e5025b96d3bf48fd44e3435faf20d92871646c895f98e6,35001.792861,19.740496,11,5001.967121,3,,,40024.015,0,0,False,True,,False
vidking,inception,Inception,movie,27205,,,empty,2026-10-02T15:08:07.406929+00:00,b5ec3eaa291cf02e20e5025b96d3bf48fd44e3435faf20d92871646c895f98e6,20726.67566,13.789435,7,0.006844,"0,0,0",,,20740.982,0,0,False,True,,False
necro,dune-2,Dune: Part Two,movie,693134,,,resolve_timeout,2026-10-02T15:08:16.440553+00:00,b5ec3eaa291cf02e20e5025b96d3bf48fd44e3435faf20d92871646c895f98e6,35000.926090999994,19.544628000000003,12,5001.407277,2,,,40022.404,0,0,False,True,,False
nowhdtime,twilight-zone,The Twilight Zone,series,6357,1,2,empty,2026-10-02T15:08:17.038315+00:00,b5ec3eaa291cf02e20e5025b96d3bf48fd44e3435faf20d92871646c895f98e6,25001.761177,20.806382,1,0.007328,"0,0,0",,,25023.003,0,0,False,True,,False
vidfast,dune-2,Dune: Part Two,movie,693134,,,empty,2026-10-02T15:08:17.513583+00:00,b5ec3eaa291cf02e20e5025b96d3bf48fd44e3435faf20d92871646c895f98e6,30407.497196,15.021198,6,0.006888999999999999,"0,0,0",,,30423.038,0,0,False,True,,False
vidking,dune-2,Dune: Part Two,movie,693134,,,empty,2026-10-02T15:08:22.566388+00:00,b5ec3eaa291cf02e20e5025b96d3bf48fd44e3435faf20d92871646c895f98e6,15143.933116,15.014306,7,0.011847,"0,0,0",,,15159.421,0,0,False,True,,False
vidfast,sinners,Sinners,movie,1233413,,,empty,2026-10-02T15:08:22.956771+00:00,b5ec3eaa291cf02e20e5025b96d3bf48fd44e3435faf20d92871646c895f98e6,5427.875119,14.757838000000001,6,0.0069689999999999995,"0,0,0",,,5443.17,0,0,False,True,,False
vidfast,twilight-zone,The Twilight Zone,series,6357,1,2,empty,2026-10-02T15:08:22.972191+00:00,b5ec3eaa291cf02e20e5025b96d3bf48fd44e3435faf20d92871646c895f98e6,0.294492,14.625294,0,0.0070469999999999994,"0,0,0",,,15.392,0,0,False,True,,False
vidfast,friends,Friends,series,1668,1,2,empty,2026-10-02T15:08:22.987979+00:00,b5ec3eaa291cf02e20e5025b96d3bf48fd44e3435faf20d92871646c895f98e6,0.286556,15.073489,0,0.002185,"0,0,0",,,15.763,0,0,False,True,,False
vidfast,breaking-bad-s2,Breaking Bad,series,1396,2,1,empty,2026-10-02T15:08:23.003160+00:00,b5ec3eaa291cf02e20e5025b96d3bf48fd44e3435faf20d92871646c895f98e6,0.282666,14.490333,0,0.0022500000000000003,"0,0,0",,,15.158,0,0,False,True,,False
vidfast,severance-s2,Severance,series,95396,2,1,empty,2026-10-02T15:08:23.018131+00:00,b5ec3eaa291cf02e20e5025b96d3bf48fd44e3435faf20d92871646c895f98e6,0.226679,14.293691,0,0.001846,"0,0,0",,,14.951,0,0,False,True,,False
vidfast,last-of-us-s2,The Last of Us,series,100088,2,1,empty,2026-10-02T15:08:23.032866+00:00,b5ec3eaa291cf02e20e5025b96d3bf48fd44e3435faf20d92871646c895f98e6,0.18915300000000002,14.129486,0,0.002057,"0,0,0",,,14.712,0,0,False,True,,False
vidfast,cowboy-bebop,Cowboy Bebop,anime,30991,1,2,empty,2026-10-02T15:08:23.048200+00:00,b5ec3eaa291cf02e20e5025b96d3bf48fd44e3435faf20d92871646c895f98e6,0.257824,14.587306,0,0.007056,"0,0,0",,,15.31,0,0,False,True,,False
vidfast,death-note,Death Note,anime,13916,1,2,empty,2026-10-02T15:08:23.063634+00:00,b5ec3eaa291cf02e20e5025b96d3bf48fd44e3435faf20d92871646c895f98e6,0.25287200000000004,14.723991,0,0.007197,"0,0,0",,,15.412,0,0,False,True,,False
vidfast,aot-s3,Attack on Titan,anime,1429,3,2,empty,2026-10-02T15:08:23.078881+00:00,b5ec3eaa291cf02e20e5025b96d3bf48fd44e3435faf20d92871646c895f98e6,0.241544,14.664147,0,0.001979,"0,0,0",,,15.216,0,0,False,True,,False
vidfast,frieren,Frieren: Beyond Journey’s End,anime,209867,1,2,empty,2026-10-02T15:08:23.094067+00:00,b5ec3eaa291cf02e20e5025b96d3bf48fd44e3435faf20d92871646c895f98e6,0.196458,14.591997000000001,0,0.0019939999999999997,"0,0,0",,,15.181,0,0,False,True,,False
vidfast,solo-leveling-s2,Solo Leveling,anime,127532,2,1,empty,2026-10-02T15:08:23.109024+00:00,b5ec3eaa291cf02e20e5025b96d3bf48fd44e3435faf20d92871646c895f98e6,0.198051,14.326986,0,0.001989,"0,0,0",,,14.928,0,0,False,True,,False
nowhdtime,friends,Friends,series,1668,1,2,empty,2026-10-02T15:08:42.061250+00:00,b5ec3eaa291cf02e20e5025b96d3bf48fd44e3435faf20d92871646c895f98e6,25001.68303,20.865526999999997,1,0.00762,"0,0,0",,,25022.92,0,0,False,True,,False
cinewave,sinners,Sinners,movie,1233413,,,resolve_timeout,2026-10-02T15:08:42.811566+00:00,b5ec3eaa291cf02e20e5025b96d3bf48fd44e3435faf20d92871646c895f98e6,35001.89484,20.625289000000002,12,5001.329895,3,,,40024.447,0,0,False,True,,False
vidking,sinners,Sinners,movie,1233413,,,empty,2026-10-02T15:08:43.135789+00:00,b5ec3eaa291cf02e20e5025b96d3bf48fd44e3435faf20d92871646c895f98e6,20553.435849999998,15.454732,7,0.006771,"0,0,0",,,20569.388,0,0,False,True,,False
vidfast,akira,Akira,anime_movie,149,,,empty,2026-10-02T15:08:54.504521+00:00,b5ec3eaa291cf02e20e5025b96d3bf48fd44e3435faf20d92871646c895f98e6,31378.865727,16.175750999999998,6,0.00198,"0,0,0",,,31395.475,0,0,False,True,,False
vidking,twilight-zone,The Twilight Zone,series,6357,1,2,empty,2026-10-02T15:08:55.071707+00:00,b5ec3eaa291cf02e20e5025b96d3bf48fd44e3435faf20d92871646c895f98e6,11921.541267,13.945115,8,0.012123,"0,0,0",,,11935.889,0,0,False,True,,False
necro,sinners,Sinners,movie,1233413,,,resolve_timeout,2026-10-02T15:08:56.463174+00:00,b5ec3eaa291cf02e20e5025b96d3bf48fd44e3435faf20d92871646c895f98e6,35001.221374,19.808501999999997,12,5000.990393,6,,,40022.599,0,0,False,True,,False
cinewave,twilight-zone,The Twilight Zone,series,6357,1,2,empty,2026-10-02T15:08:57.134293+00:00,b5ec3eaa291cf02e20e5025b96d3bf48fd44e3435faf20d92871646c895f98e6,14301.954168,20.270928,20,0.002847,"0,0,0",,,14322.691,0,0,False,True,,False
necro,twilight-zone,The Twilight Zone,series,6357,1,2,empty,2026-10-02T15:08:57.940623+00:00,b5ec3eaa291cf02e20e5025b96d3bf48fd44e3435faf20d92871646c895f98e6,1457.111396,19.809294,5,0.002426,"0,0,0",,,1477.418,0,0,False,True,,False
necro,friends,Friends,series,1668,1,2,empty,2026-10-02T15:08:58.831818+00:00,b5ec3eaa291cf02e20e5025b96d3bf48fd44e3435faf20d92871646c895f98e6,870.967048,19.698954,5,0.007743,"0,0,0",,,891.179,0,0,False,True,,False
vidsrcsbs,casablanca,Casablanca,movie,289,,,resolve_timeout,2026-10-02T15:08:59.041157+00:00,b5ec3eaa291cf02e20e5025b96d3bf48fd44e3435faf20d92871646c895f98e6,35001.052737000005,61.598383999999996,11,5000.94441,8,,,40072.098,0,0,False,True,,False
necro,breaking-bad-s2,Breaking Bad,series,1396,2,1,empty,2026-10-02T15:08:59.981095+00:00,b5ec3eaa291cf02e20e5025b96d3bf48fd44e3435faf20d92871646c895f98e6,1109.7454630000002,39.098359,5,0.007409,"0,0,0",,,1149.249,0,0,False,True,,False
necro,severance-s2,Severance,series,95396,2,1,empty,2026-10-02T15:09:01.010603+00:00,b5ec3eaa291cf02e20e5025b96d3bf48fd44e3435faf20d92871646c895f98e6,1009.3916780000001,19.687451000000003,5,0.002266,"0,0,0",,,1029.499,0,0,False,True,,False
necro,last-of-us-s2,The Last of Us,series,100088,2,1,empty,2026-10-02T15:09:02.530780+00:00,b5ec3eaa291cf02e20e5025b96d3bf48fd44e3435faf20d92871646c895f98e6,1500.127161,19.518094,5,0.007532,"0,0,0",,,1520.158,0,0,False,True,,False
necro,cowboy-bebop,Cowboy Bebop,anime,30991,1,2,empty,2026-10-02T15:09:03.797908+00:00,b5ec3eaa291cf02e20e5025b96d3bf48fd44e3435faf20d92871646c895f98e6,1246.833516,19.747386,5,0.0077020000000000005,"0,0,0",,,1267.105,0,0,False,True,,False
necro,death-note,Death Note,anime,13916,1,2,empty,2026-10-02T15:09:05.022933+00:00,b5ec3eaa291cf02e20e5025b96d3bf48fd44e3435faf20d92871646c895f98e6,1202.9091540000002,21.597565,5,0.007451,"0,0,0",,,1225.0,0,0,False,True,,False
vidfast,spirited-away,Spirited Away,anime_movie,129,,,empty,2026-10-02T15:09:05.429573+00:00,b5ec3eaa291cf02e20e5025b96d3bf48fd44e3435faf20d92871646c895f98e6,10910.463499000001,14.19577,6,0.0023369999999999997,"0,0,0",,,10925.045,0,0,False,True,,False
necro,aot-s3,Attack on Titan,anime,1429,3,2,empty,2026-10-02T15:09:06.267128+00:00,b5ec3eaa291cf02e20e5025b96d3bf48fd44e3435faf20d92871646c895f98e6,1224.021805,19.766063,5,0.0023769999999999998,"0,0,0",,,1244.151,0,0,False,True,,False
nowhdtime,breaking-bad-s2,Breaking Bad,series,1396,2,1,empty,2026-10-02T15:09:07.084265+00:00,b5ec3eaa291cf02e20e5025b96d3bf48fd44e3435faf20d92871646c895f98e6,25001.750678,20.838012,1,0.002142,"0,0,0",,,25023.008,0,0,False,True,,False
necro,frieren,Frieren: Beyond Journey’s End,anime,209867,1,2,empty,2026-10-02T15:09:07.299624+00:00,b5ec3eaa291cf02e20e5025b96d3bf48fd44e3435faf20d92871646c895f98e6,1012.1686050000001,19.852258000000003,5,0.002209,"0,0,0",,,1032.487,0,0,False,True,,False
necro,solo-leveling-s2,Solo Leveling,anime,127532,2,1,empty,2026-10-02T15:09:09.068156+00:00,b5ec3eaa291cf02e20e5025b96d3bf48fd44e3435faf20d92871646c895f98e6,1748.331457,19.754282,5,0.007508999999999999,"0,0,0",,,1768.494,0,0,False,True,,False
vidking,friends,Friends,series,1668,1,2,empty,2026-10-02T15:09:15.658998+00:00,b5ec3eaa291cf02e20e5025b96d3bf48fd44e3435faf20d92871646c895f98e6,20572.845842,14.008667,8,0.0019879999999999997,"0,0,0",,,20587.287,0,0,False,True,,False
vidfast,your-name,Your Name.,anime_movie,372058,,,empty,2026-10-02T15:09:28.012238+00:00,b5ec3eaa291cf02e20e5025b96d3bf48fd44e3435faf20d92871646c895f98e6,22567.488661,14.544401,6,0.007228999999999999,"0,0,0",,,22582.628,0,0,False,True,,False
vidking,breaking-bad-s2,Breaking Bad,series,1396,2,1,empty,2026-10-02T15:09:28.580739+00:00,b5ec3eaa291cf02e20e5025b96d3bf48fd44e3435faf20d92871646c895f98e6,12907.172414,14.084164999999999,8,0.007308,"0,0,0",,,12921.706,0,0,False,True,,False
nowhdtime,severance-s2,Severance,series,95396,2,1,empty,2026-10-02T15:09:32.107338+00:00,b5ec3eaa291cf02e20e5025b96d3bf48fd44e3435faf20d92871646c895f98e6,25001.84015,20.735688,1,0.017261,"0,0,0",,,25023.04,0,0,False,True,,False
vidfast,suzume,Suzume,anime_movie,916224,,,empty,2026-10-02T15:09:39.011980+00:00,b5ec3eaa291cf02e20e5025b96d3bf48fd44e3435faf20d92871646c895f98e6,10984.407903,14.866344,6,0.003245,"0,0,0",,,10999.73,0,0,False,True,,False
vidsrcsbs,matrix,The Matrix,movie,603,,,resolve_timeout,2026-10-02T15:09:39.063131+00:00,b5ec3eaa291cf02e20e5025b96d3bf48fd44e3435faf20d92871646c895f98e6,35001.001789,19.406948,14,5001.022846,1,,,40021.954,0,0,False,True,,False
necro,akira,Akira,anime_movie,149,,,resolve_timeout,2026-10-02T15:09:49.089972+00:00,b5ec3eaa291cf02e20e5025b96d3bf48fd44e3435faf20d92871646c895f98e6,35000.675467,19.777131,10,5000.960102,2,,,40021.798,0,0,False,True,,False
cinewave,friends,Friends,series,1668,1,2,played,2026-10-02T15:09:28.110588+00:00,b5ec3eaa291cf02e20e5025b96d3bf48fd44e3435faf20d92871646c895f98e6,30955.100476,19.922664,20,0.023796,"0,0,0",32342.80714,8042.440796000001,52442.806,18,1,True,True,,False
nowhdtime,last-of-us-s2,The Last of Us,series,100088,2,1,empty,2026-10-02T15:09:57.129527+00:00,b5ec3eaa291cf02e20e5025b96d3bf48fd44e3435faf20d92871646c895f98e6,25001.264677000003,20.433923,1,0.007223,"0,0,0",,,25022.176,0,0,False,True,,False
vidking,severance-s2,Severance,series,95396,2,1,empty,2026-10-02T15:09:58.991722+00:00,b5ec3eaa291cf02e20e5025b96d3bf48fd44e3435faf20d92871646c895f98e6,30395.78923,14.735398,8,0.007107,"0,0,0",,,30410.967,0,0,False,True,,False
vidking,last-of-us-s2,The Last of Us,series,100088,2,1,empty,2026-10-02T15:10:00.277465+00:00,b5ec3eaa291cf02e20e5025b96d3bf48fd44e3435faf20d92871646c895f98e6,1270.349585,14.408563,8,0.005171,"0,0,0",,,1285.729,0,0,False,True,,False
vidfast,boy-heron,The Boy and the Heron,anime_movie,508883,,,empty,2026-10-02T15:10:00.559075+00:00,b5ec3eaa291cf02e20e5025b96d3bf48fd44e3435faf20d92871646c895f98e6,21532.312717,14.321356,6,0.0019939999999999997,"0,0,0",,,21547.07,0,0,False,True,,False
vidking,cowboy-bebop,Cowboy Bebop,anime,30991,1,2,empty,2026-10-02T15:10:01.369567+00:00,b5ec3eaa291cf02e20e5025b96d3bf48fd44e3435faf20d92871646c895f98e6,1077.2981989999998,14.320301,8,0.00219,"0,0,0",,,1092.085,0,0,False,True,,False
vidzee,casablanca,Casablanca,movie,289,,,empty,2026-10-02T15:10:02.974941+00:00,b5ec3eaa291cf02e20e5025b96d3bf48fd44e3435faf20d92871646c895f98e6,2353.444832,49.131729,12,0.0022299999999999998,"0,0,0",,,2412.056,0,0,False,True,,False
cinewave,breaking-bad-s2,Breaking Bad,series,1396,2,1,played,2026-10-02T15:10:01.822001+00:00,b5ec3eaa291cf02e20e5025b96d3bf48fd44e3435faf20d92871646c895f98e6,12224.004268,20.081675999999998,20,0.007068,"0,0,0",15771.484944,2444.918068,20537.717,6,1,True,True,,False
vidsrcsbs,inception,Inception,movie,27205,,,resolve_timeout,2026-10-02T15:10:19.085100+00:00,b5ec3eaa291cf02e20e5025b96d3bf48fd44e3435faf20d92871646c895f98e6,35000.5705,19.295598000000002,11,5001.556589,1,,,40021.944,0,0,False,True,,False
nowhdtime,cowboy-bebop,Cowboy Bebop,anime,30991,1,2,empty,2026-10-02T15:10:22.152084+00:00,b5ec3eaa291cf02e20e5025b96d3bf48fd44e3435faf20d92871646c895f98e6,25001.482592,20.677913999999998,1,0.003431,"0,0,0",,,25022.528,0,0,False,True,,False
necro,spirited-away,Spirited Away,anime_movie,129,,,resolve_timeout,2026-10-02T15:10:29.111027+00:00,b5ec3eaa291cf02e20e5025b96d3bf48fd44e3435faf20d92871646c895f98e6,35000.371999999996,19.289997,10,5000.988019,2,,,40021.042,0,0,False,True,,False
vidking,death-note,Death Note,anime,13916,1,2,empty,2026-10-02T15:10:33.793196+00:00,b5ec3eaa291cf02e20e5025b96d3bf48fd44e3435faf20d92871646c895f98e6,32393.069959999997,30.043073,8,0.007247,"0,0,0",,,32423.607,0,0,False,True,,False
vidking,aot-s3,Attack on Titan,anime,1429,3,2,empty,2026-10-02T15:10:34.879859+00:00,b5ec3eaa291cf02e20e5025b96d3bf48fd44e3435faf20d92871646c895f98e6,1071.717825,14.442033,8,0.002886,"0,0,0",,,1086.629,0,0,False,True,,False
cinewave,severance-s2,Severance,series,95396,2,1,played,2026-10-02T15:10:34.776955+00:00,b5ec3eaa291cf02e20e5025b96d3bf48fd44e3435faf20d92871646c895f98e6,24640.61756,19.743263,20,0.025417000000000002,"0,0,0",25410.246822999998,554.924417,25993.414,19,1,True,True,,False
vidzee,matrix,The Matrix,movie,603,,,decode_failed,2026-10-02T15:10:03.669243+00:00,b5ec3eaa291cf02e20e5025b96d3bf48fd44e3435faf20d92871646c895f98e6,679.9476639999999,13.764828999999999,4,0.005902,"0,0,0",,,40697.679,2,1,False,True,,False
nowhdtime,death-note,Death Note,anime,13916,1,2,empty,2026-10-02T15:10:47.174192+00:00,b5ec3eaa291cf02e20e5025b96d3bf48fd44e3435faf20d92871646c895f98e6,25001.051096000003,20.648985000000003,1,0.002176,"0,0,0",,,25022.096,0,0,False,True,,False
vidsrcsbs,dune-2,Dune: Part Two,movie,693134,,,resolve_timeout,2026-10-02T15:10:59.106496+00:00,b5ec3eaa291cf02e20e5025b96d3bf48fd44e3435faf20d92871646c895f98e6,35000.824412,19.297584999999998,16,5000.795123,1,,,40021.366,0,0,False,True,,False
vidking,frieren,Frieren: Beyond Journey’s End,anime,209867,1,2,empty,2026-10-02T15:11:06.296802+00:00,b5ec3eaa291cf02e20e5025b96d3bf48fd44e3435faf20d92871646c895f98e6,31401.913657,14.508015,8,0.002562,"0,0,0",,,31416.923,0,0,False,True,,False
necro,your-name,Your Name.,anime_movie,372058,,,resolve_timeout,2026-10-02T15:11:09.133023+00:00,b5ec3eaa291cf02e20e5025b96d3bf48fd44e3435faf20d92871646c895f98e6,35001.53944,19.674325,12,5000.379126000001,5,,,40021.977,0,0,False,True,,False
vidzee,inception,Inception,movie,27205,,,played,2026-10-02T15:10:44.688146+00:00,b5ec3eaa291cf02e20e5025b96d3bf48fd44e3435faf20d92871646c895f98e6,1000.77716,14.09582,4,0.007922,"0,0,0",12727.20998,11668.696922000001,27341.972,4,1,True,True,,False
vidking,solo-leveling-s2,Solo Leveling,anime,127532,2,1,empty,2026-10-02T15:11:11.464561+00:00,b5ec3eaa291cf02e20e5025b96d3bf48fd44e3435faf20d92871646c895f98e6,5152.94603,14.308135,8,0.004274,"0,0,0",,,5167.73,0,0,False,True,,False
nowhdtime,aot-s3,Attack on Titan,anime,1429,3,2,empty,2026-10-02T15:11:12.197413+00:00,b5ec3eaa291cf02e20e5025b96d3bf48fd44e3435faf20d92871646c895f98e6,25001.731163,21.028535,1,0.002126,"0,0,0",,,25023.219,0,0,False,True,,False
cinewave,last-of-us-s2,The Last of Us,series,100088,2,1,played,2026-10-02T15:11:06.875475+00:00,b5ec3eaa291cf02e20e5025b96d3bf48fd44e3435faf20d92871646c895f98e6,30745.965070000002,20.301530000000003,20,0.007223,"0,0,0",33688.1536,2473.723223,37458.437,7,1,True,True,,False
nowhdtime,frieren,Frieren: Beyond Journey’s End,anime,209867,1,2,empty,2026-10-02T15:11:37.220271+00:00,b5ec3eaa291cf02e20e5025b96d3bf48fd44e3435faf20d92871646c895f98e6,25001.641674,20.754121,1,0.0024210000000000004,"0,0,0",,,25022.82,0,0,False,True,,False
vidzee,dune-2,Dune: Part Two,movie,693134,,,played,2026-10-02T15:11:11.939124+00:00,b5ec3eaa291cf02e20e5025b96d3bf48fd44e3435faf20d92871646c895f98e6,909.217235,14.654815999999999,4,0.008715,"0,0,0",12608.070051,11695.062715,26496.393,4,1,True,True,,False
vidsrcsbs,sinners,Sinners,movie,1233413,,,resolve_timeout,2026-10-02T15:11:39.128988+00:00,b5ec3eaa291cf02e20e5025b96d3bf48fd44e3435faf20d92871646c895f98e6,35001.876428999996,19.247509,14,5000.9496850000005,1,,,40022.485,0,0,False,True,,False
vidking,akira,Akira,anime_movie,149,,,empty,2026-10-02T15:11:41.865090+00:00,b5ec3eaa291cf02e20e5025b96d3bf48fd44e3435faf20d92871646c895f98e6,30386.215754999997,13.870951,7,0.002167,"0,0,0",,,30400.507,0,0,False,True,,False
cinewave,cowboy-bebop,Cowboy Bebop,anime,30991,1,2,empty,2026-10-02T15:11:44.463829+00:00,b5ec3eaa291cf02e20e5025b96d3bf48fd44e3435faf20d92871646c895f98e6,30876.323314,20.020989999999998,20,0.007763,"0,0,0",,,30896.984,0,0,False,True,,False
vidking,spirited-away,Spirited Away,anime_movie,129,,,empty,2026-10-02T15:11:44.948764+00:00,b5ec3eaa291cf02e20e5025b96d3bf48fd44e3435faf20d92871646c895f98e6,3069.272936,13.947360000000002,7,0.007265,"0,0,0",,,3083.636,0,0,False,True,,False
necro,suzume,Suzume,anime_movie,916224,,,resolve_timeout,2026-10-02T15:11:49.155206+00:00,b5ec3eaa291cf02e20e5025b96d3bf48fd44e3435faf20d92871646c895f98e6,35001.355439,19.475879000000003,13,5000.836109,5,,,40022.168,0,0,False,True,,False
nowhdtime,solo-leveling-s2,Solo Leveling,anime,127532,2,1,empty,2026-10-02T15:12:02.243286+00:00,b5ec3eaa291cf02e20e5025b96d3bf48fd44e3435faf20d92871646c895f98e6,25001.834753,20.747792,1,0.002316,"0,0,0",,,25022.984,0,0,False,True,,False
vidzee,sinners,Sinners,movie,1233413,,,played,2026-10-02T15:11:38.199348+00:00,b5ec3eaa291cf02e20e5025b96d3bf48fd44e3435faf20d92871646c895f98e6,673.626307,13.970296,4,0.008346,"0,0,0",12356.440603,11492.189346000001,26811.841,8,1,True,True,,False
vidzee,twilight-zone,The Twilight Zone,series,6357,1,2,empty,2026-10-02T15:12:06.526467+00:00,b5ec3eaa291cf02e20e5025b96d3bf48fd44e3435faf20d92871646c895f98e6,2188.843558,14.033678,12,0.007292,"0,0,0",,,2203.498,0,0,False,True,,False
vidking,your-name,Your Name.,anime_movie,372058,,,empty,2026-10-02T15:12:16.354973+00:00,b5ec3eaa291cf02e20e5025b96d3bf48fd44e3435faf20d92871646c895f98e6,31391.012574,14.698915999999999,7,0.007044,"0,0,0",,,31406.207,0,0,False,True,,False
cinewave,death-note,Death Note,anime,13916,1,2,empty,2026-10-02T15:12:17.139266+00:00,b5ec3eaa291cf02e20e5025b96d3bf48fd44e3435faf20d92871646c895f98e6,32655.038447000003,19.790717,20,0.007769,"0,0,0",,,32675.412,0,0,False,True,,False
vidsrcsbs,twilight-zone,The Twilight Zone,series,6357,1,2,resolve_timeout,2026-10-02T15:12:17.190710+00:00,b5ec3eaa291cf02e20e5025b96d3bf48fd44e3435faf20d92871646c895f98e6,35001.500572,19.092018999999997,16,3040.451853,6,,,38061.698,0,0,False,True,,False
vidking,suzume,Suzume,anime_movie,916224,,,empty,2026-10-02T15:12:17.632690+00:00,b5ec3eaa291cf02e20e5025b96d3bf48fd44e3435faf20d92871646c895f98e6,1263.104272,14.135187,7,0.002045,"0,0,0",,,1277.685,0,0,False,True,,False
nowhdtime,akira,Akira,anime_movie,149,,,empty,2026-10-02T15:12:27.266200+00:00,b5ec3eaa291cf02e20e5025b96d3bf48fd44e3435faf20d92871646c895f98e6,25001.678531999998,20.864266999999998,1,0.007078,"0,0,0",,,25022.896,0,0,False,True,,False
necro,boy-heron,The Boy and the Heron,anime_movie,508883,,,resolve_timeout,2026-10-02T15:12:29.179036+00:00,b5ec3eaa291cf02e20e5025b96d3bf48fd44e3435faf20d92871646c895f98e6,35002.417151,19.905248,10,5001.072228,2,,,40023.816,0,0,False,True,,False
vidking,boy-heron,The Boy and the Heron,anime_movie,508883,,,empty,2026-10-02T15:12:38.206481+00:00,b5ec3eaa291cf02e20e5025b96d3bf48fd44e3435faf20d92871646c895f98e6,20559.294224999998,13.968432,7,0.006856999999999999,"0,0,0",,,20573.777,0,0,False,True,,False
vidzee,friends,Friends,series,1668,1,2,decode_failed,2026-10-02T15:12:07.307874+00:00,b5ec3eaa291cf02e20e5025b96d3bf48fd44e3435faf20d92871646c895f98e6,766.456636,14.376244999999999,4,0.006054,"0,0,0",,,40784.686,2,1,False,True,,False
cinewave,aot-s3,Attack on Titan,anime,1429,3,2,empty,2026-10-02T15:12:50.839612+00:00,b5ec3eaa291cf02e20e5025b96d3bf48fd44e3435faf20d92871646c895f98e6,33679.04277,20.721525,20,0.008440999999999999,"0,0,0",,,33700.323,0,0,False,True,,False
vidsrcsbs,friends,Friends,series,1668,1,2,empty,2026-10-02T15:12:51.796828+00:00,b5ec3eaa291cf02e20e5025b96d3bf48fd44e3435faf20d92871646c895f98e6,34585.871261,19.614045,18,0.003466,"0,0,0",,,34606.099,0,0,False,True,,False
nowhdtime,spirited-away,Spirited Away,anime_movie,129,,,empty,2026-10-02T15:12:52.288343+00:00,b5ec3eaa291cf02e20e5025b96d3bf48fd44e3435faf20d92871646c895f98e6,25001.270029,20.444028,1,0.00749,"0,0,0",,,25022.137,0,0,False,True,,False
watchseries,casablanca,Casablanca,movie,289,,,resolve_timeout,2026-10-02T15:13:09.241050+00:00,b5ec3eaa291cf02e20e5025b96d3bf48fd44e3435faf20d92871646c895f98e6,35000.551058,47.597612,16,5000.969204,1,,,40060.403,0,0,False,True,,False
vidzee,breaking-bad-s2,Breaking Bad,series,1396,2,1,played,2026-10-02T15:12:48.104028+00:00,b5ec3eaa291cf02e20e5025b96d3bf48fd44e3435faf20d92871646c895f98e6,777.3508009999999,14.728231,4,0.019577,"0,0,0",12137.052032,11249.029577,25766.029,2,1,True,True,,False
vidzee,severance-s2,Severance,series,95396,2,1,played,2026-10-02T15:13:13.813254+00:00,b5ec3eaa291cf02e20e5025b96d3bf48fd44e3435faf20d92871646c895f98e6,721.3475609999999,14.027343,4,0.019068,"0,0,0",2228.1539040000002,1436.4010680000001,3819.831,2,1,True,True,,False
nowhdtime,your-name,Your Name.,anime_movie,372058,,,empty,2026-10-02T15:13:17.311721+00:00,b5ec3eaa291cf02e20e5025b96d3bf48fd44e3435faf20d92871646c895f98e6,25002.181593999998,20.758022,1,0.0071400000000000005,"0,0,0",,,25023.342,0,0,False,True,,False
cinewave,frieren,Frieren: Beyond Journey’s End,anime,209867,1,2,empty,2026-10-02T15:13:25.068403+00:00,b5ec3eaa291cf02e20e5025b96d3bf48fd44e3435faf20d92871646c895f98e6,34208.247970000004,19.951719,20,0.0074730000000000005,"0,0,0",,,34228.771,0,0,False,True,,False
vidsrcsbs,breaking-bad-s2,Breaking Bad,series,1396,2,1,empty,2026-10-02T15:13:26.653949+00:00,b5ec3eaa291cf02e20e5025b96d3bf48fd44e3435faf20d92871646c895f98e6,34837.043274999996,19.487839,18,0.00728,"0,0,0",,,34857.084,0,0,False,True,,False
nowhdtime,suzume,Suzume,anime_movie,916224,,,empty,2026-10-02T15:13:42.336744+00:00,b5ec3eaa291cf02e20e5025b96d3bf48fd44e3435faf20d92871646c895f98e6,25002.211613,22.372072,1,0.00212,"0,0,0",,,25025.013,0,0,False,True,,False
vidzee,last-of-us-s2,The Last of Us,series,100088,2,1,played,2026-10-02T15:13:17.884655+00:00,b5ec3eaa291cf02e20e5025b96d3bf48fd44e3435faf20d92871646c895f98e6,972.500538,14.402042,4,0.00735,"0,0,0",14351.40458,13520.85835,30016.289,4,1,True,True,,False
watchseries,matrix,The Matrix,movie,603,,,resolve_timeout,2026-10-02T15:13:49.258585+00:00,b5ec3eaa291cf02e20e5025b96d3bf48fd44e3435faf20d92871646c895f98e6,35000.598266,14.913623000000001,17,5001.476186999999,1,,,40017.511,0,0,False,True,,False
vidzee,cowboy-bebop,Cowboy Bebop,anime,30991,1,2,empty,2026-10-02T15:13:49.456607+00:00,b5ec3eaa291cf02e20e5025b96d3bf48fd44e3435faf20d92871646c895f98e6,2527.826398,14.778483999999999,12,0.007273,"0,0,0",,,2543.166,0,0,False,True,,False
vidzee,death-note,Death Note,anime,13916,1,2,empty,2026-10-02T15:13:51.495381+00:00,b5ec3eaa291cf02e20e5025b96d3bf48fd44e3435faf20d92871646c895f98e6,2024.2668300000003,14.022055,12,0.002371,"0,0,0",,,2038.741,0,0,False,True,,False
vidzee,aot-s3,Attack on Titan,anime,1429,3,2,empty,2026-10-02T15:13:52.146690+00:00,b5ec3eaa291cf02e20e5025b96d3bf48fd44e3435faf20d92871646c895f98e6,637.157009,13.682528,4,0.002173,"0,0,0",,,651.29,0,0,False,True,,False
vidzee,frieren,Frieren: Beyond Journey’s End,anime,209867,1,2,empty,2026-10-02T15:13:52.775714+00:00,b5ec3eaa291cf02e20e5025b96d3bf48fd44e3435faf20d92871646c895f98e6,614.648093,13.916395,4,0.002049,"0,0,0",,,628.999,0,0,False,True,,False
vidzee,solo-leveling-s2,Solo Leveling,anime,127532,2,1,empty,2026-10-02T15:13:55.300651+00:00,b5ec3eaa291cf02e20e5025b96d3bf48fd44e3435faf20d92871646c895f98e6,2510.643805,13.791981999999999,12,0.002239,"0,0,0",,,2524.91,0,0,False,True,,False
vidzee,akira,Akira,anime_movie,149,,,empty,2026-10-02T15:13:56.034956+00:00,b5ec3eaa291cf02e20e5025b96d3bf48fd44e3435faf20d92871646c895f98e6,719.881151,13.962607,4,0.0021950000000000003,"0,0,0",,,734.286,0,0,False,True,,False
cinewave,solo-leveling-s2,Solo Leveling,anime,127532,2,1,empty,2026-10-02T15:13:57.962475+00:00,b5ec3eaa291cf02e20e5025b96d3bf48fd44e3435faf20d92871646c895f98e6,32874.158248,19.373682,20,0.00244,"0,0,0",,,32894.046,0,0,False,True,,False
vidzee,spirited-away,Spirited Away,anime_movie,129,,,empty,2026-10-02T15:13:58.145692+00:00,b5ec3eaa291cf02e20e5025b96d3bf48fd44e3435faf20d92871646c895f98e6,2096.445548,13.923601000000001,12,0.006318000000000001,"0,0,0",,,2110.711,0,0,False,True,,False
vidzee,your-name,Your Name.,anime_movie,372058,,,empty,2026-10-02T15:13:58.776431+00:00,b5ec3eaa291cf02e20e5025b96d3bf48fd44e3435faf20d92871646c895f98e6,616.1620829999999,14.072931,4,0.007148,"0,0,0",,,630.731,0,0,False,True,,False
vidzee,suzume,Suzume,anime_movie,916224,,,empty,2026-10-02T15:13:59.431108+00:00,b5ec3eaa291cf02e20e5025b96d3bf48fd44e3435faf20d92871646c895f98e6,639.919522,14.242351000000001,4,0.008145000000000001,"0,0,0",,,654.662,0,0,False,True,,False
vidzee,boy-heron,The Boy and the Heron,anime_movie,508883,,,empty,2026-10-02T15:14:00.345817+00:00,b5ec3eaa291cf02e20e5025b96d3bf48fd44e3435faf20d92871646c895f98e6,900.102093,14.178607,4,0.002049,"0,0,0",,,914.683,0,0,False,True,,False
animezey,casablanca,Casablanca,movie,289,,,empty,2026-10-02T15:14:00.698788+00:00,b5ec3eaa291cf02e20e5025b96d3bf48fd44e3435faf20d92871646c895f98e6,299.463736,41.363067,3,0.002219,"0,0,0",,,349.001,0,0,False,True,,False
animezey,matrix,The Matrix,movie,603,,,empty,2026-10-02T15:14:00.785484+00:00,b5ec3eaa291cf02e20e5025b96d3bf48fd44e3435faf20d92871646c895f98e6,72.154313,14.117351,2,0.003007,"0,0,0",,,86.67,0,0,False,True,,False
animezey,inception,Inception,movie,27205,,,empty,2026-10-02T15:14:00.870049+00:00,b5ec3eaa291cf02e20e5025b96d3bf48fd44e3435faf20d92871646c895f98e6,69.522539,14.566111,2,0.007073,"0,0,0",,,84.553,0,0,False,True,,False
animezey,dune-2,Dune: Part Two,movie,693134,,,empty,2026-10-02T15:14:00.951744+00:00,b5ec3eaa291cf02e20e5025b96d3bf48fd44e3435faf20d92871646c895f98e6,63.706261,17.501471000000002,2,0.007145,"0,0,0",,,81.664,0,0,False,True,,False
animezey,sinners,Sinners,movie,1233413,,,empty,2026-10-02T15:14:01.031058+00:00,b5ec3eaa291cf02e20e5025b96d3bf48fd44e3435faf20d92871646c895f98e6,64.290162,14.634037000000001,2,0.0022819999999999997,"0,0,0",,,79.308,0,0,False,True,,False
animezey,twilight-zone,The Twilight Zone,series,6357,1,2,empty,2026-10-02T15:14:02.004903+00:00,b5ec3eaa291cf02e20e5025b96d3bf48fd44e3435faf20d92871646c895f98e6,958.3919119999999,14.716915,22,0.004448,"0,0,0",,,973.825,0,0,False,True,,False
animezey,friends,Friends,series,1668,1,2,empty,2026-10-02T15:14:02.810601+00:00,b5ec3eaa291cf02e20e5025b96d3bf48fd44e3435faf20d92871646c895f98e6,790.182956,14.765825999999999,22,0.007553000000000001,"0,0,0",,,805.671,0,0,False,True,,False
animezey,breaking-bad-s2,Breaking Bad,series,1396,2,1,empty,2026-10-02T15:14:03.503932+00:00,b5ec3eaa291cf02e20e5025b96d3bf48fd44e3435faf20d92871646c895f98e6,678.2252960000001,14.560267999999999,18,0.0026469999999999996,"0,0,0",,,693.311,0,0,False,True,,False
animezey,severance-s2,Severance,series,95396,2,1,empty,2026-10-02T15:14:04.153296+00:00,b5ec3eaa291cf02e20e5025b96d3bf48fd44e3435faf20d92871646c895f98e6,634.789132,14.113896,18,0.0023829999999999997,"0,0,0",,,649.333,0,0,False,True,,False
animezey,last-of-us-s2,The Last of Us,series,100088,2,1,empty,2026-10-02T15:14:04.954538+00:00,b5ec3eaa291cf02e20e5025b96d3bf48fd44e3435faf20d92871646c895f98e6,786.128405,14.567032000000001,22,0.019914,"0,0,0",,,801.226,0,0,False,True,,False
animezey,cowboy-bebop,Cowboy Bebop,anime,30991,1,2,empty,2026-10-02T15:14:05.753041+00:00,b5ec3eaa291cf02e20e5025b96d3bf48fd44e3435faf20d92871646c895f98e6,783.0372719999999,14.705969,22,0.017442,"0,0,0",,,798.495,0,0,False,True,,False
animezey,death-note,Death Note,anime,13916,1,2,empty,2026-10-02T15:14:06.551455+00:00,b5ec3eaa291cf02e20e5025b96d3bf48fd44e3435faf20d92871646c895f98e6,783.182255,14.480687000000001,22,0.007587,"0,0,0",,,798.39,0,0,False,True,,False
vidsrcsbs,severance-s2,Severance,series,95396,2,1,resolve_timeout,2026-10-02T15:14:06.676041+00:00,b5ec3eaa291cf02e20e5025b96d3bf48fd44e3435faf20d92871646c895f98e6,35001.388624,19.261769,13,5000.994812,1,,,40022.074,0,0,False,True,,False
animezey,aot-s3,Attack on Titan,anime,1429,3,2,empty,2026-10-02T15:14:07.213219+00:00,b5ec3eaa291cf02e20e5025b96d3bf48fd44e3435faf20d92871646c895f98e6,646.351008,14.678995,18,0.007513,"0,0,0",,,661.744,0,0,False,True,,False
nowhdtime,boy-heron,The Boy and the Heron,anime_movie,508883,,,empty,2026-10-02T15:14:07.359187+00:00,b5ec3eaa291cf02e20e5025b96d3bf48fd44e3435faf20d92871646c895f98e6,25001.447697,20.495267000000002,1,0.007253,"0,0,0",,,25022.422,0,0,False,True,,False
animezey,frieren,Frieren: Beyond Journey’s End,anime,209867,1,2,empty,2026-10-02T15:14:08.024844+00:00,b5ec3eaa291cf02e20e5025b96d3bf48fd44e3435faf20d92871646c895f98e6,796.076145,14.919758999999999,22,0.0027310000000000004,"0,0,0",,,811.597,0,0,False,True,,False
animezey,solo-leveling-s2,Solo Leveling,anime,127532,2,1,empty,2026-10-02T15:14:08.681358+00:00,b5ec3eaa291cf02e20e5025b96d3bf48fd44e3435faf20d92871646c895f98e6,641.454411,14.383246,18,0.007634,"0,0,0",,,656.484,0,0,False,True,,False
animezey,akira,Akira,anime_movie,149,,,empty,2026-10-02T15:14:08.768750+00:00,b5ec3eaa291cf02e20e5025b96d3bf48fd44e3435faf20d92871646c895f98e6,72.340246,14.529747,2,0.007391,"0,0,0",,,87.373,0,0,False,True,,False
animezey,spirited-away,Spirited Away,anime_movie,129,,,empty,2026-10-02T15:14:08.850919+00:00,b5ec3eaa291cf02e20e5025b96d3bf48fd44e3435faf20d92871646c895f98e6,67.068158,14.685391000000001,2,0.0020889999999999997,"0,0,0",,,82.146,0,0,False,True,,False
animezey,your-name,Your Name.,anime_movie,372058,,,empty,2026-10-02T15:14:08.937069+00:00,b5ec3eaa291cf02e20e5025b96d3bf48fd44e3435faf20d92871646c895f98e6,71.504104,14.225666,2,0.00217,"0,0,0",,,86.131,0,0,False,True,,False
animezey,suzume,Suzume,anime_movie,916224,,,empty,2026-10-02T15:14:09.017665+00:00,b5ec3eaa291cf02e20e5025b96d3bf48fd44e3435faf20d92871646c895f98e6,66.37380900000001,13.789634,2,0.00202,"0,0,0",,,80.567,0,0,False,True,,False
animezey,boy-heron,The Boy and the Heron,anime_movie,508883,,,empty,2026-10-02T15:14:09.105822+00:00,b5ec3eaa291cf02e20e5025b96d3bf48fd44e3435faf20d92871646c895f98e6,73.67746799999999,14.107823,2,0.0021950000000000003,"0,0,0",,,88.129,0,0,False,True,,False
reanime,casablanca,Casablanca,movie,289,,,empty,2026-10-02T15:14:19.456944+00:00,b5ec3eaa291cf02e20e5025b96d3bf48fd44e3435faf20d92871646c895f98e6,394.825747,41.596304,3,0.006902999999999999,"0,0,0",,,445.457,0,0,False,True,,False
reanime,matrix,The Matrix,movie,603,,,empty,2026-10-02T15:14:19.662911+00:00,b5ec3eaa291cf02e20e5025b96d3bf48fd44e3435faf20d92871646c895f98e6,191.152729,14.429212999999999,3,0.002245,"0,0,0",,,205.939,0,0,False,True,,False
reanime,inception,Inception,movie,27205,,,empty,2026-10-02T15:14:19.868721+00:00,b5ec3eaa291cf02e20e5025b96d3bf48fd44e3435faf20d92871646c895f98e6,191.687991,13.628829,3,0.007352,"0,0,0",,,205.803,0,0,False,True,,False
reanime,dune-2,Dune: Part Two,movie,693134,,,empty,2026-10-02T15:14:20.211190+00:00,b5ec3eaa291cf02e20e5025b96d3bf48fd44e3435faf20d92871646c895f98e6,327.431126,14.53362,4,0.006823,"0,0,0",,,342.439,0,0,False,True,,False
reanime,sinners,Sinners,movie,1233413,,,empty,2026-10-02T15:14:20.420966+00:00,b5ec3eaa291cf02e20e5025b96d3bf48fd44e3435faf20d92871646c895f98e6,194.92287,14.429699000000001,3,0.002026,"0,0,0",,,209.766,0,0,False,True,,False
reanime,twilight-zone,The Twilight Zone,series,6357,1,2,empty,2026-10-02T15:14:20.634329+00:00,b5ec3eaa291cf02e20e5025b96d3bf48fd44e3435faf20d92871646c895f98e6,198.642482,14.234765,3,0.007198,"0,0,0",,,213.329,0,0,False,True,,False
reanime,friends,Friends,series,1668,1,2,empty,2026-10-02T15:14:20.851092+00:00,b5ec3eaa291cf02e20e5025b96d3bf48fd44e3435faf20d92871646c895f98e6,201.63447000000002,14.646381,3,0.007221,"0,0,0",,,216.737,0,0,False,True,,False
reanime,breaking-bad-s2,Breaking Bad,series,1396,2,1,empty,2026-10-02T15:14:21.072019+00:00,b5ec3eaa291cf02e20e5025b96d3bf48fd44e3435faf20d92871646c895f98e6,205.856829,14.595104,3,0.007281,"0,0,0",,,220.906,0,0,False,True,,False
reanime,severance-s2,Severance,series,95396,2,1,empty,2026-10-02T15:14:21.285063+00:00,b5ec3eaa291cf02e20e5025b96d3bf48fd44e3435faf20d92871646c895f98e6,198.371046,14.279855,3,0.0022890000000000002,"0,0,0",,,213.01,0,0,False,True,,False
reanime,last-of-us-s2,The Last of Us,series,100088,2,1,empty,2026-10-02T15:14:21.517408+00:00,b5ec3eaa291cf02e20e5025b96d3bf48fd44e3435faf20d92871646c895f98e6,217.329888,14.59346,3,0.007087,"0,0,0",,,232.337,0,0,False,True,,False
reanime,cowboy-bebop,Cowboy Bebop,anime,30991,1,2,played,2026-10-02T15:14:23.617367+00:00,b5ec3eaa291cf02e20e5025b96d3bf48fd44e3435faf20d92871646c895f98e6,2083.632422,15.730049,4,0.018649,"0,0,0",3724.7694709999996,1636.5646490000001,5734.611,1,1,True,True,,False
watchseries,inception,Inception,movie,27205,,,resolve_timeout,2026-10-02T15:14:29.275177+00:00,b5ec3eaa291cf02e20e5025b96d3bf48fd44e3435faf20d92871646c895f98e6,35001.028065,14.364309,14,5000.605618,1,,,40016.571,0,0,False,True,,False
reanime,death-note,Death Note,anime,13916,1,2,played,2026-10-02T15:14:28.718951+00:00,b5ec3eaa291cf02e20e5025b96d3bf48fd44e3435faf20d92871646c895f98e6,1451.154912,14.841712999999999,4,0.017997,"0,0,0",2713.093625,1610.1069969999999,5051.533,1,1,True,True,,False
cinewave,akira,Akira,anime_movie,149,,,resolve_timeout,2026-10-02T15:14:37.986266+00:00,b5ec3eaa291cf02e20e5025b96d3bf48fd44e3435faf20d92871646c895f98e6,35001.805820999994,20.031859,16,5001.282063,6,,,40023.767,0,0,False,True,,False
reanime,aot-s3,Attack on Titan,anime,1429,3,2,played,2026-10-02T15:14:33.988749+00:00,b5ec3eaa291cf02e20e5025b96d3bf48fd44e3435faf20d92871646c895f98e6,1669.4171,15.045264,4,0.017999,"0,0,0",3524.957364,1721.1559989999998,6221.897,1,1,True,True,,False
reanime,frieren,Frieren: Beyond Journey’s End,anime,209867,1,2,played,2026-10-02T15:14:40.470409+00:00,b5ec3eaa291cf02e20e5025b96d3bf48fd44e3435faf20d92871646c895f98e6,1929.8680180000001,14.341223,4,0.055349,"0,0,0",4355.831241,1650.558349,6882.449,1,1,True,True,,False
vidsrcsbs,last-of-us-s2,The Last of Us,series,100088,2,1,resolve_timeout,2026-10-02T15:14:46.697587+00:00,b5ec3eaa291cf02e20e5025b96d3bf48fd44e3435faf20d92871646c895f98e6,35001.45568,18.970685,16,5000.543128,1,,,40021.539,0,0,False,True,,False
reanime,solo-leveling-s2,Solo Leveling,anime,127532,2,1,played,2026-10-02T15:14:47.374201+00:00,b5ec3eaa291cf02e20e5025b96d3bf48fd44e3435faf20d92871646c895f98e6,1949.8630320000002,15.716498999999999,4,0.020048,"0,0,0",3557.850531,1955.572048,6001.5,1,1,True,True,,False
reanime,akira,Akira,anime_movie,149,,,played,2026-10-02T15:14:53.652365+00:00,b5ec3eaa291cf02e20e5025b96d3bf48fd44e3435faf20d92871646c895f98e6,2226.390882,15.804436,4,0.017339,"0,0,0",4380.748318,1395.851339,7079.412,1,1,True,True,,False
reanime,spirited-away,Spirited Away,anime_movie,129,,,played,2026-10-02T15:15:00.795968+00:00,b5ec3eaa291cf02e20e5025b96d3bf48fd44e3435faf20d92871646c895f98e6,2291.589207,14.77181,4,0.018182,"0,0,0",3088.140017,1586.497182,5290.747,1,1,True,True,,False
reanime,your-name,Your Name.,anime_movie,372058,,,played,2026-10-02T15:15:05.605923+00:00,b5ec3eaa291cf02e20e5025b96d3bf48fd44e3435faf20d92871646c895f98e6,1810.290393,15.366138999999999,4,0.029795,"0,0,0",2670.201532,1281.6207949999998,5360.724,1,1,True,True,,False
watchseries,dune-2,Dune: Part Two,movie,693134,,,resolve_timeout,2026-10-02T15:15:09.292748+00:00,b5ec3eaa291cf02e20e5025b96d3bf48fd44e3435faf20d92871646c895f98e6,35000.792723000006,14.611823,16,5001.362475,13,,,40017.53,0,0,False,True,,False
reanime,suzume,Suzume,anime_movie,916224,,,played,2026-10-02T15:15:10.466956+00:00,b5ec3eaa291cf02e20e5025b96d3bf48fd44e3435faf20d92871646c895f98e6,1311.1855910000002,14.697254,4,0.00636,"0,0,0",2345.927845,1153.03936,4661.158,1,1,True,True,,False
reanime,boy-heron,The Boy and the Heron,anime_movie,508883,,,empty,2026-10-02T15:15:14.374934+00:00,b5ec3eaa291cf02e20e5025b96d3bf48fd44e3435faf20d92871646c895f98e6,558.122927,14.71834,4,0.002041,"0,0,0",,,573.27,0,0,False,True,,False
cinewave,spirited-away,Spirited Away,anime_movie,129,,,resolve_timeout,2026-10-02T15:15:18.011069+00:00,b5ec3eaa291cf02e20e5025b96d3bf48fd44e3435faf20d92871646c895f98e6,35001.529505,21.336287,14,5001.404844,3,,,40024.774,0,0,False,True,,False
vidsrcsbs,cowboy-bebop,Cowboy Bebop,anime,30991,1,2,resolve_timeout,2026-10-02T15:15:26.721238+00:00,b5ec3eaa291cf02e20e5025b96d3bf48fd44e3435faf20d92871646c895f98e6,35001.799428,19.368661,14,5001.845733,1,,,40023.631,0,0,False,True,,False
watchseries,sinners,Sinners,movie,1233413,,,resolve_timeout,2026-10-02T15:15:49.309044+00:00,b5ec3eaa291cf02e20e5025b96d3bf48fd44e3435faf20d92871646c895f98e6,35000.522789999995,14.273177,14,5000.998382,1,,,40016.265,0,0,False,True,,False
cinewave,your-name,Your Name.,anime_movie,372058,,,resolve_timeout,2026-10-02T15:15:58.034727+00:00,b5ec3eaa291cf02e20e5025b96d3bf48fd44e3435faf20d92871646c895f98e6,35000.761088,21.160519,12,5001.161523999999,3,,,40023.637,0,0,False,True,,False
vidsrcsbs,death-note,Death Note,anime,13916,1,2,resolve_timeout,2026-10-02T15:16:06.744316+00:00,b5ec3eaa291cf02e20e5025b96d3bf48fd44e3435faf20d92871646c895f98e6,35001.65927,19.671151000000002,13,5001.160379,1,,,40023.055,0,0,False,True,,False
acermovies,casablanca,Casablanca,movie,289,,,empty,2026-10-02T15:16:08.593700+00:00,b5ec3eaa291cf02e20e5025b96d3bf48fd44e3435faf20d92871646c895f98e6,3232.676327,44.16518,3,0.004358,"0,0,0",,,3287.057,0,0,False,True,,False
acermovies,matrix,The Matrix,movie,603,,,empty,2026-10-02T15:16:11.951272+00:00,b5ec3eaa291cf02e20e5025b96d3bf48fd44e3435faf20d92871646c895f98e6,3342.35954,14.80426,6,0.002618,"0,0,0",,,3357.509,0,0,False,True,,False
acermovies,inception,Inception,movie,27205,,,empty,2026-10-02T15:16:13.714817+00:00,b5ec3eaa291cf02e20e5025b96d3bf48fd44e3435faf20d92871646c895f98e6,1748.30007,14.808948000000001,6,0.0023049999999999998,"0,0,0",,,1763.54,0,0,False,True,,False
acermovies,dune-2,Dune: Part Two,movie,693134,,,empty,2026-10-02T15:16:15.538773+00:00,b5ec3eaa291cf02e20e5025b96d3bf48fd44e3435faf20d92871646c895f98e6,1808.959146,14.561247,6,0.007513,"0,0,0",,,1823.923,0,0,False,True,,False
watchseries,twilight-zone,The Twilight Zone,series,6357,1,2,empty,2026-10-02T15:16:15.876178+00:00,b5ec3eaa291cf02e20e5025b96d3bf48fd44e3435faf20d92871646c895f98e6,26552.249026999998,14.413772999999999,9,0.002183,"0,0,0",,,26567.115,0,0,False,True,,False
acermovies,sinners,Sinners,movie,1233413,,,empty,2026-10-02T15:16:17.468382+00:00,b5ec3eaa291cf02e20e5025b96d3bf48fd44e3435faf20d92871646c895f98e6,1914.1599959999999,15.037934,6,0.018232,"0,0,0",,,1929.594,0,0,False,True,,False
acermovies,twilight-zone,The Twilight Zone,series,6357,1,2,empty,2026-10-02T15:16:17.484312+00:00,b5ec3eaa291cf02e20e5025b96d3bf48fd44e3435faf20d92871646c895f98e6,0.6038359999999999,14.946106,0,0.0023,"0,0,0",,,15.917,0,0,False,True,,False
acermovies,friends,Friends,series,1668,1,2,empty,2026-10-02T15:16:17.499797+00:00,b5ec3eaa291cf02e20e5025b96d3bf48fd44e3435faf20d92871646c895f98e6,0.168675,14.957346999999999,0,0.007045,"0,0,0",,,15.467,0,0,False,True,,False
acermovies,breaking-bad-s2,Breaking Bad,series,1396,2,1,empty,2026-10-02T15:16:17.515148+00:00,b5ec3eaa291cf02e20e5025b96d3bf48fd44e3435faf20d92871646c895f98e6,0.14011,14.85872,0,0.007266000000000001,"0,0,0",,,15.332,0,0,False,True,,False
acermovies,severance-s2,Severance,series,95396,2,1,empty,2026-10-02T15:16:17.530538+00:00,b5ec3eaa291cf02e20e5025b96d3bf48fd44e3435faf20d92871646c895f98e6,0.15936999999999998,14.777366,0,0.007071,"0,0,0",,,15.388,0,0,False,True,,False
acermovies,last-of-us-s2,The Last of Us,series,100088,2,1,empty,2026-10-02T15:16:17.546226+00:00,b5ec3eaa291cf02e20e5025b96d3bf48fd44e3435faf20d92871646c895f98e6,0.157047,15.053509,0,0.007237,"0,0,0",,,15.662,0,0,False,True,,False
acermovies,cowboy-bebop,Cowboy Bebop,anime,30991,1,2,empty,2026-10-02T15:16:17.561624+00:00,b5ec3eaa291cf02e20e5025b96d3bf48fd44e3435faf20d92871646c895f98e6,0.11412399999999999,14.889004000000002,0,0.001934,"0,0,0",,,15.374,0,0,False,True,,False
acermovies,death-note,Death Note,anime,13916,1,2,empty,2026-10-02T15:16:17.576866+00:00,b5ec3eaa291cf02e20e5025b96d3bf48fd44e3435faf20d92871646c895f98e6,0.146697,14.64297,0,0.007223,"0,0,0",,,15.226,0,0,False,True,,False
acermovies,aot-s3,Attack on Titan,anime,1429,3,2,empty,2026-10-02T15:16:17.592364+00:00,b5ec3eaa291cf02e20e5025b96d3bf48fd44e3435faf20d92871646c895f98e6,0.15437900000000002,14.877082999999999,0,0.0070999999999999995,"0,0,0",,,15.474,0,0,False,True,,False
acermovies,frieren,Frieren: Beyond Journey’s End,anime,209867,1,2,empty,2026-10-02T15:16:17.608348+00:00,b5ec3eaa291cf02e20e5025b96d3bf48fd44e3435faf20d92871646c895f98e6,0.189285,15.344978000000001,0,0.002977,"0,0,0",,,15.966,0,0,False,True,,False
acermovies,solo-leveling-s2,Solo Leveling,anime,127532,2,1,empty,2026-10-02T15:16:17.623702+00:00,b5ec3eaa291cf02e20e5025b96d3bf48fd44e3435faf20d92871646c895f98e6,0.14499099999999998,14.75446,0,0.007165,"0,0,0",,,15.324,0,0,False,True,,False
acermovies,akira,Akira,anime_movie,149,,,empty,2026-10-02T15:16:21.035520+00:00,b5ec3eaa291cf02e20e5025b96d3bf48fd44e3435faf20d92871646c895f98e6,3396.789868,14.57291,6,0.002403,"0,0,0",,,3411.793,0,0,False,True,,False
acermovies,spirited-away,Spirited Away,anime_movie,129,,,empty,2026-10-02T15:16:24.394227+00:00,b5ec3eaa291cf02e20e5025b96d3bf48fd44e3435faf20d92871646c895f98e6,3343.521268,14.718926,6,0.002007,"0,0,0",,,3358.697,0,0,False,True,,False
acermovies,your-name,Your Name.,anime_movie,372058,,,empty,2026-10-02T15:16:26.205008+00:00,b5ec3eaa291cf02e20e5025b96d3bf48fd44e3435faf20d92871646c895f98e6,1795.458855,14.853043999999999,6,0.002557,"0,0,0",,,1810.755,0,0,False,True,,False
acermovies,suzume,Suzume,anime_movie,916224,,,empty,2026-10-02T15:16:29.275407+00:00,b5ec3eaa291cf02e20e5025b96d3bf48fd44e3435faf20d92871646c895f98e6,3055.086355,14.82778,6,0.007198,"0,0,0",,,3070.369,0,0,False,True,,False
acermovies,boy-heron,The Boy and the Heron,anime_movie,508883,,,empty,2026-10-02T15:16:32.309773+00:00,b5ec3eaa291cf02e20e5025b96d3bf48fd44e3435faf20d92871646c895f98e6,3018.786719,14.945132999999998,6,0.007106,"0,0,0",,,3034.353,0,0,False,True,,False
atlantic,casablanca,Casablanca,movie,289,,,empty,2026-10-02T15:16:35.488600+00:00,b5ec3eaa291cf02e20e5025b96d3bf48fd44e3435faf20d92871646c895f98e6,3119.9470699999997,47.459801000000006,7,0.003075,"0,0,0",,,3177.122,0,0,False,True,,False
cinewave,suzume,Suzume,anime_movie,916224,,,resolve_timeout,2026-10-02T15:16:38.058127+00:00,b5ec3eaa291cf02e20e5025b96d3bf48fd44e3435faf20d92871646c895f98e6,35001.230476000004,19.646351,22,5001.975371,2,,,40023.372,0,0,False,True,,False
atlantic,matrix,The Matrix,movie,603,,,empty,2026-10-02T15:16:38.183052+00:00,b5ec3eaa291cf02e20e5025b96d3bf48fd44e3435faf20d92871646c895f98e6,2679.9534280000003,14.057866,7,0.007162,"0,0,0",,,2694.418,0,0,False,True,,False
atlantic,inception,Inception,movie,27205,,,empty,2026-10-02T15:16:40.711277+00:00,b5ec3eaa291cf02e20e5025b96d3bf48fd44e3435faf20d92871646c895f98e6,2513.820012,13.966137,7,0.001932,"0,0,0",,,2528.216,0,0,False,True,,False
atlantic,dune-2,Dune: Part Two,movie,693134,,,empty,2026-10-02T15:16:43.267051+00:00,b5ec3eaa291cf02e20e5025b96d3bf48fd44e3435faf20d92871646c895f98e6,2541.252329,14.049323000000001,7,0.002598,"0,0,0",,,2555.741,0,0,False,True,,False
atlantic,sinners,Sinners,movie,1233413,,,empty,2026-10-02T15:16:45.931008+00:00,b5ec3eaa291cf02e20e5025b96d3bf48fd44e3435faf20d92871646c895f98e6,2649.478957,13.97152,7,0.0073420000000000004,"0,0,0",,,2663.948,0,0,False,True,,False
vidsrcsbs,aot-s3,Attack on Titan,anime,1429,3,2,resolve_timeout,2026-10-02T15:16:46.767043+00:00,b5ec3eaa291cf02e20e5025b96d3bf48fd44e3435faf20d92871646c895f98e6,35001.693638,19.525264,11,5001.003742,2,,,40022.704,0,0,False,True,,False
watchseries,friends,Friends,series,1668,1,2,empty,2026-10-02T15:16:47.728459+00:00,b5ec3eaa291cf02e20e5025b96d3bf48fd44e3435faf20d92871646c895f98e6,31836.765488,15.019972,9,0.002179,"0,0,0",,,31852.265,0,0,False,True,,False
watchseries,breaking-bad-s2,Breaking Bad,series,1396,2,1,empty,2026-10-02T15:16:49.065138+00:00,b5ec3eaa291cf02e20e5025b96d3bf48fd44e3435faf20d92871646c895f98e6,1322.0054779999998,14.098756,9,0.007193000000000001,"0,0,0",,,1336.649,0,0,False,True,,False
atlantic,twilight-zone,The Twilight Zone,series,6357,1,2,empty,2026-10-02T15:16:49.504794+00:00,b5ec3eaa291cf02e20e5025b96d3bf48fd44e3435faf20d92871646c895f98e6,3559.2418559999996,14.136997000000001,7,0.003497,"0,0,0",,,3573.76,0,0,False,True,,False
atlantic,friends,Friends,series,1668,1,2,empty,2026-10-02T15:16:52.879027+00:00,b5ec3eaa291cf02e20e5025b96d3bf48fd44e3435faf20d92871646c895f98e6,3359.4653120000003,14.309525,7,0.0036739999999999997,"0,0,0",,,3374.215,0,0,False,True,,False
atlantic,breaking-bad-s2,Breaking Bad,series,1396,2,1,empty,2026-10-02T15:16:55.615568+00:00,b5ec3eaa291cf02e20e5025b96d3bf48fd44e3435faf20d92871646c895f98e6,2722.2980100000004,13.790502,7,0.007412,"0,0,0",,,2736.519,0,0,False,True,,False
atlantic,severance-s2,Severance,series,95396,2,1,empty,2026-10-02T15:16:58.099458+00:00,b5ec3eaa291cf02e20e5025b96d3bf48fd44e3435faf20d92871646c895f98e6,2469.172204,14.199556000000001,7,0.007703000000000001,"0,0,0",,,2483.883,0,0,False,True,,False
atlantic,last-of-us-s2,The Last of Us,series,100088,2,1,empty,2026-10-02T15:17:00.626706+00:00,b5ec3eaa291cf02e20e5025b96d3bf48fd44e3435faf20d92871646c895f98e6,2512.9040959999998,13.838498,7,0.007203,"0,0,0",,,2527.218,0,0,False,True,,False
atlantic,cowboy-bebop,Cowboy Bebop,anime,30991,1,2,empty,2026-10-02T15:17:03.497550+00:00,b5ec3eaa291cf02e20e5025b96d3bf48fd44e3435faf20d92871646c895f98e6,2856.3989420000003,14.016518,7,0.002657,"0,0,0",,,2870.827,0,0,False,True,,False
atlantic,death-note,Death Note,anime,13916,1,2,empty,2026-10-02T15:17:05.816831+00:00,b5ec3eaa291cf02e20e5025b96d3bf48fd44e3435faf20d92871646c895f98e6,2305.346026,13.419404,7,0.007689999999999999,"0,0,0",,,2319.276,0,0,False,True,,False
atlantic,aot-s3,Attack on Titan,anime,1429,3,2,empty,2026-10-02T15:17:08.900403+00:00,b5ec3eaa291cf02e20e5025b96d3bf48fd44e3435faf20d92871646c895f98e6,3068.934944,14.134798,7,0.002513,"0,0,0",,,3083.547,0,0,False,True,,False
atlantic,frieren,Frieren: Beyond Journey’s End,anime,209867,1,2,empty,2026-10-02T15:17:12.133616+00:00,b5ec3eaa291cf02e20e5025b96d3bf48fd44e3435faf20d92871646c895f98e6,3218.396342,14.248090999999999,7,0.015019,"0,0,0",,,3233.186,0,0,False,True,,False
atlantic,solo-leveling-s2,Solo Leveling,anime,127532,2,1,empty,2026-10-02T15:17:14.669833+00:00,b5ec3eaa291cf02e20e5025b96d3bf48fd44e3435faf20d92871646c895f98e6,2521.2828200000004,14.363511,7,0.00237,"0,0,0",,,2536.198,0,0,False,True,,False
atlantic,akira,Akira,anime_movie,149,,,empty,2026-10-02T15:17:17.176688+00:00,b5ec3eaa291cf02e20e5025b96d3bf48fd44e3435faf20d92871646c895f98e6,2492.5051639999997,13.935183,7,0.00194,"0,0,0",,,2506.821,0,0,False,True,,False
cinewave,boy-heron,The Boy and the Heron,anime_movie,508883,,,resolve_timeout,2026-10-02T15:17:18.082143+00:00,b5ec3eaa291cf02e20e5025b96d3bf48fd44e3435faf20d92871646c895f98e6,35001.708092,19.728544,14,5002.019906,3,,,40023.99,0,0,False,True,,False
atlantic,spirited-away,Spirited Away,anime_movie,129,,,empty,2026-10-02T15:17:19.699475+00:00,b5ec3eaa291cf02e20e5025b96d3bf48fd44e3435faf20d92871646c895f98e6,2508.118166,14.122888,7,0.007247,"0,0,0",,,2522.757,0,0,False,True,,False
vidsrcsbs,frieren,Frieren: Beyond Journey’s End,anime,209867,1,2,empty,2026-10-02T15:17:20.343804+00:00,b5ec3eaa291cf02e20e5025b96d3bf48fd44e3435faf20d92871646c895f98e6,33556.834105,19.338985,18,0.002266,"0,0,0",,,33576.732,0,0,False,True,,False
watchseries,severance-s2,Severance,series,95396,2,1,empty,2026-10-02T15:17:21.309606+00:00,b5ec3eaa291cf02e20e5025b96d3bf48fd44e3435faf20d92871646c895f98e6,32229.629635999998,14.391087,9,0.002757,"0,0,0",,,32244.436,0,0,False,True,,False
atlantic,your-name,Your Name.,anime_movie,372058,,,empty,2026-10-02T15:17:22.287964+00:00,b5ec3eaa291cf02e20e5025b96d3bf48fd44e3435faf20d92871646c895f98e6,2574.185864,13.874901,7,0.007092,"0,0,0",,,2588.456,0,0,False,True,,False
cineby,casablanca,Casablanca,movie,289,,,empty,2026-10-02T15:17:28.169263+00:00,b5ec3eaa291cf02e20e5025b96d3bf48fd44e3435faf20d92871646c895f98e6,30015.274634,41.684428000000004,14,0.008291000000000001,"0,0,0",,,30067.113,0,0,False,True,,False
cinebyrocks,casablanca,Casablanca,movie,289,,,played,2026-10-02T15:17:18.934935+00:00,b5ec3eaa291cf02e20e5025b96d3bf48fd44e3435faf20d92871646c895f98e6,791.460481,47.378563,1,0.00688,"0,0,0",7729.405044,1685.3948799999998,10647.416,3,1,True,True,,False
atlantic,suzume,Suzume,anime_movie,916224,,,empty,2026-10-02T15:17:33.321220+00:00,b5ec3eaa291cf02e20e5025b96d3bf48fd44e3435faf20d92871646c895f98e6,11018.571386,14.239471,7,0.0030819999999999997,"0,0,0",,,11033.25,0,0,False,True,,False
atlantic,boy-heron,The Boy and the Heron,anime_movie,508883,,,empty,2026-10-02T15:17:36.337067+00:00,b5ec3eaa291cf02e20e5025b96d3bf48fd44e3435faf20d92871646c895f98e6,3001.219885,14.150803,7,0.001974,"0,0,0",,,3015.818,0,0,False,True,,False
watchseries,last-of-us-s2,The Last of Us,series,100088,2,1,empty,2026-10-02T15:17:42.531230+00:00,b5ec3eaa291cf02e20e5025b96d3bf48fd44e3435faf20d92871646c895f98e6,21206.387686,14.695889,9,0.00227,"0,0,0",,,21221.618,0,0,False,True,,False
cinebyrocks,matrix,The Matrix,movie,603,,,played,2026-10-02T15:17:29.228544+00:00,b5ec3eaa291cf02e20e5025b96d3bf48fd44e3435faf20d92871646c895f98e6,481.24557400000003,13.354597,1,0.006651000000000001,"0,0,0",8847.418171,9994.203651,20107.559,3,1,True,True,,False
vidsrcsbs,solo-leveling-s2,Solo Leveling,anime,127532,2,1,empty,2026-10-02T15:17:55.136667+00:00,b5ec3eaa291cf02e20e5025b96d3bf48fd44e3435faf20d92871646c895f98e6,34773.067038,19.151953,18,0.007626,"0,0,0",,,34792.857,0,0,False,True,,False
watchseries,cowboy-bebop,Cowboy Bebop,anime,30991,1,2,empty,2026-10-02T15:17:55.633612+00:00,b5ec3eaa291cf02e20e5025b96d3bf48fd44e3435faf20d92871646c895f98e6,13087.549253000001,14.246255,9,0.00725,"0,0,0",,,13102.364,0,0,False,True,,False
cineby,matrix,The Matrix,movie,603,,,empty,2026-10-02T15:17:58.199467+00:00,b5ec3eaa291cf02e20e5025b96d3bf48fd44e3435faf20d92871646c895f98e6,30015.422579,14.134886,15,0.007383000000000001,"0,0,0",,,30030.184,0,0,False,True,,False
watchseries,death-note,Death Note,anime,13916,1,2,empty,2026-10-02T15:18:16.661232+00:00,b5ec3eaa291cf02e20e5025b96d3bf48fd44e3435faf20d92871646c895f98e6,21012.512824,14.547999,9,0.007533,"0,0,0",,,21027.594,0,0,False,True,,False
cinejoyaio,casablanca,Casablanca,movie,289,,,played,2026-10-02T15:17:38.090413+00:00,b5ec3eaa291cf02e20e5025b96d3bf48fd44e3435faf20d92871646c895f98e6,1699.57359,42.602902,7,0.01114,"0,0,0",37887.680492,2073.95314,43152.018,3,1,True,True,,False
cinebyrocks,inception,Inception,movie,27205,,,played,2026-10-02T15:17:49.982831+00:00,b5ec3eaa291cf02e20e5025b96d3bf48fd44e3435faf20d92871646c895f98e6,1127.372646,13.731386,1,0.019896999999999998,"0,0,0",12471.250032,20888.269897,34078.107,3,1,True,True,,False
cinejoyaio,matrix,The Matrix,movie,603,,,played,2026-10-02T15:18:20.835185+00:00,b5ec3eaa291cf02e20e5025b96d3bf48fd44e3435faf20d92871646c895f98e6,1328.366472,15.235894,6,0.009147,"0,0,0",3654.5333659999997,2002.638147,5681.521,3,1,True,True,,False
cineby,inception,Inception,movie,27205,,,empty,2026-10-02T15:18:28.230067+00:00,b5ec3eaa291cf02e20e5025b96d3bf48fd44e3435faf20d92871646c895f98e6,30015.374144999998,14.719094,10,0.003333,"0,0,0",,,30030.573,0,0,False,True,,False
cinejoyaio,inception,Inception,movie,27205,,,played,2026-10-02T15:18:26.553128+00:00,b5ec3eaa291cf02e20e5025b96d3bf48fd44e3435faf20d92871646c895f98e6,1365.5378090000002,14.509936,6,0.006438,"0,0,0",3680.9487449999997,2031.1544379999998,5767.118,3,1,True,True,,False
vidsrcsbs,akira,Akira,anime_movie,149,,,resolve_timeout,2026-10-02T15:18:35.158807+00:00,b5ec3eaa291cf02e20e5025b96d3bf48fd44e3435faf20d92871646c895f98e6,35001.544993,19.35171,17,5000.525038,1,,,40022.095,0,0,False,True,,False
cinejoyaio,dune-2,Dune: Part Two,movie,693134,,,played,2026-10-02T15:18:32.757660+00:00,b5ec3eaa291cf02e20e5025b96d3bf48fd44e3435faf20d92871646c895f98e6,1803.0936579999998,14.435951000000001,6,0.006534,"0,0,0",5704.815608999999,1140.429534,7008.66,3,1,True,True,,False
watchseries,aot-s3,Attack on Titan,anime,1429,3,2,empty,2026-10-02T15:18:38.704304+00:00,b5ec3eaa291cf02e20e5025b96d3bf48fd44e3435faf20d92871646c895f98e6,22027.559651,14.921375000000001,9,0.003077,"0,0,0",,,22043.048,0,0,False,True,,False
cinebyrocks,dune-2,Dune: Part Two,movie,693134,,,played,2026-10-02T15:18:25.471595+00:00,b5ec3eaa291cf02e20e5025b96d3bf48fd44e3435faf20d92871646c895f98e6,2538.176766,13.691003,1,0.019444,"0,0,0",11679.453769,4581.417444,16806.591,3,1,True,True,,False
cinejoyaio,sinners,Sinners,movie,1233413,,,played,2026-10-02T15:18:39.340570+00:00,b5ec3eaa291cf02e20e5025b96d3bf48fd44e3435faf20d92871646c895f98e6,1376.9173320000002,14.889783,6,0.006317,"0,0,0",3993.421115,2286.1883169999996,6329.525,3,1,True,True,,False
cinebyrocks,sinners,Sinners,movie,1233413,,,played,2026-10-02T15:18:40.059719+00:00,b5ec3eaa291cf02e20e5025b96d3bf48fd44e3435faf20d92871646c895f98e6,320.083297,13.504452,1,0.006738,"0,0,0",9234.711749,5388.841738,15488.994,3,1,True,True,,False
cineby,dune-2,Dune: Part Two,movie,693134,,,empty,2026-10-02T15:18:58.261105+00:00,b5ec3eaa291cf02e20e5025b96d3bf48fd44e3435faf20d92871646c895f98e6,30016.168547,14.392652,5,0.001978,"0,0,0",,,30031.013,0,0,False,True,,False
watchseries,frieren,Frieren: Beyond Journey’s End,anime,209867,1,2,empty,2026-10-02T15:19:02.052489+00:00,b5ec3eaa291cf02e20e5025b96d3bf48fd44e3435faf20d92871646c895f98e6,23333.325001999998,14.373573,9,0.002208,"0,0,0",,,23348.16,0,0,False,True,,False
cinebyrocks,twilight-zone,The Twilight Zone,series,6357,1,2,played,2026-10-02T15:18:55.543642+00:00,b5ec3eaa291cf02e20e5025b96d3bf48fd44e3435faf20d92871646c895f98e6,314.742611,13.462012000000001,1,0.019947,"0,0,0",15155.259623,2674.350947,19089.647,3,1,True,True,,False
vidsrcsbs,spirited-away,Spirited Away,anime_movie,129,,,resolve_timeout,2026-10-02T15:19:15.181026+00:00,b5ec3eaa291cf02e20e5025b96d3bf48fd44e3435faf20d92871646c895f98e6,35001.392536,19.360837,13,5000.905577,1,,,40022.194,0,0,False,True,,False
cinebyrocks,friends,Friends,series,1668,1,2,played,2026-10-02T15:19:15.391950+00:00,b5ec3eaa291cf02e20e5025b96d3bf48fd44e3435faf20d92871646c895f98e6,1073.024796,13.863601,1,0.006528,"0,0,0",5906.659397,1186.8435279999999,8028.383,3,1,True,True,,False
cinejoyaio,twilight-zone,The Twilight Zone,series,6357,1,2,played,2026-10-02T15:18:47.220067+00:00,b5ec3eaa291cf02e20e5025b96d3bf48fd44e3435faf20d92871646c895f98e6,2927.290463,14.401176999999999,6,0.006403000000000001,"0,0,0",41502.93863999999,1873.294403,43440.795,3,1,True,True,,False
cineby,sinners,Sinners,movie,1233413,,,empty,2026-10-02T15:19:28.292330+00:00,b5ec3eaa291cf02e20e5025b96d3bf48fd44e3435faf20d92871646c895f98e6,30016.303313,14.344834,12,0.007835,"0,0,0",,,30031.204,0,0,False,True,,False
watchseries,solo-leveling-s2,Solo Leveling,anime,127532,2,1,empty,2026-10-02T15:19:36.314158+00:00,b5ec3eaa291cf02e20e5025b96d3bf48fd44e3435faf20d92871646c895f98e6,34247.115379,14.044958999999999,9,0.002222,"0,0,0",,,34261.633,0,0,False,True,,False
cinebyrocks,breaking-bad-s2,Breaking Bad,series,1396,2,1,played,2026-10-02T15:19:22.941591+00:00,b5ec3eaa291cf02e20e5025b96d3bf48fd44e3435faf20d92871646c895f98e6,594.734131,13.514636,1,0.006746,"0,0,0",7934.470767,4898.846746,14260.96,3,1,True,True,,False
cinebyrocks,severance-s2,Severance,series,95396,2,1,played,2026-10-02T15:19:36.966308+00:00,b5ec3eaa291cf02e20e5025b96d3bf48fd44e3435faf20d92871646c895f98e6,357.904647,13.6496,1,0.007097999999999999,"0,0,0",5429.078247,3984.805098,10668.722,3,1,True,True,,False
vidsrcsbs,your-name,Your Name.,anime_movie,372058,,,resolve_timeout,2026-10-02T15:19:55.203251+00:00,b5ec3eaa291cf02e20e5025b96d3bf48fd44e3435faf20d92871646c895f98e6,35001.03536,19.557941,14,5001.004689,1,,,40022.205,0,0,False,True,,False
cineby,twilight-zone,The Twilight Zone,series,6357,1,2,empty,2026-10-02T15:19:58.323849+00:00,b5ec3eaa291cf02e20e5025b96d3bf48fd44e3435faf20d92871646c895f98e6,30016.355038,14.508441000000001,14,0.007684,"0,0,0",,,30031.497,0,0,False,True,,False
cinejoyaio,friends,Friends,series,1668,1,2,played,2026-10-02T15:19:29.682932+00:00,b5ec3eaa291cf02e20e5025b96d3bf48fd44e3435faf20d92871646c895f98e6,1948.938235,14.830156,6,0.006071,"0,0,0",32679.725391,2475.837071,35257.959,2,1,True,True,,False
cinebyrocks,last-of-us-s2,The Last of Us,series,100088,2,1,played,2026-10-02T15:19:50.619635+00:00,b5ec3eaa291cf02e20e5025b96d3bf48fd44e3435faf20d92871646c895f98e6,3342.781239,13.736361,1,0.006639,"0,0,0",12528.9826,4955.212639,18867.392,3,1,True,True,,False
cinebyrocks,cowboy-bebop,Cowboy Bebop,anime,30991,1,2,empty,2026-10-02T15:20:06.520255+00:00,b5ec3eaa291cf02e20e5025b96d3bf48fd44e3435faf20d92871646c895f98e6,375.780512,14.083971,1,0.002464,"0,0,0",,,390.361,0,0,False,True,,False
cinebyrocks,death-note,Death Note,anime,13916,1,2,empty,2026-10-02T15:20:07.040628+00:00,b5ec3eaa291cf02e20e5025b96d3bf48fd44e3435faf20d92871646c895f98e6,506.45584499999995,13.416802,1,0.0073490000000000005,"0,0,0",,,520.352,0,0,False,True,,False
cinebyrocks,aot-s3,Attack on Titan,anime,1429,3,2,empty,2026-10-02T15:20:07.713714+00:00,b5ec3eaa291cf02e20e5025b96d3bf48fd44e3435faf20d92871646c895f98e6,658.871474,13.786072,1,0.002122,"0,0,0",,,673.053,0,0,False,True,,False
cinebyrocks,frieren,Frieren: Beyond Journey’s End,anime,209867,1,2,empty,2026-10-02T15:20:08.196535+00:00,b5ec3eaa291cf02e20e5025b96d3bf48fd44e3435faf20d92871646c895f98e6,468.54503400000004,13.857471,1,0.002216,"0,0,0",,,482.81,0,0,False,True,,False
cinebyrocks,solo-leveling-s2,Solo Leveling,anime,127532,2,1,empty,2026-10-02T15:20:08.626299+00:00,b5ec3eaa291cf02e20e5025b96d3bf48fd44e3435faf20d92871646c895f98e6,415.019931,13.648615,1,0.007408,"0,0,0",,,429.745,0,0,False,True,,False
cinebyrocks,akira,Akira,anime_movie,149,,,empty,2026-10-02T15:20:08.962914+00:00,b5ec3eaa291cf02e20e5025b96d3bf48fd44e3435faf20d92871646c895f98e6,322.529065,13.621694,1,0.0020480000000000003,"0,0,0",,,336.589,0,0,False,True,,False
cinebyrocks,spirited-away,Spirited Away,anime_movie,129,,,empty,2026-10-02T15:20:09.145781+00:00,b5ec3eaa291cf02e20e5025b96d3bf48fd44e3435faf20d92871646c895f98e6,168.401657,14.080250000000001,1,0.002118,"0,0,0",,,182.836,0,0,False,True,,False
cinejoyaio,breaking-bad-s2,Breaking Bad,series,1396,2,1,played,2026-10-02T15:20:04.454333+00:00,b5ec3eaa291cf02e20e5025b96d3bf48fd44e3435faf20d92871646c895f98e6,1462.145487,14.96752,6,0.006499,"0,0,0",4568.472007,1910.280499,6515.902,3,1,True,True,,False
cinebyrocks,your-name,Your Name.,anime_movie,372058,,,empty,2026-10-02T15:20:09.518960+00:00,b5ec3eaa291cf02e20e5025b96d3bf48fd44e3435faf20d92871646c895f98e6,359.031934,13.749948999999999,1,0.001959,"0,0,0",,,373.171,0,0,False,True,,False
cinebyrocks,suzume,Suzume,anime_movie,916224,,,empty,2026-10-02T15:20:09.948530+00:00,b5ec3eaa291cf02e20e5025b96d3bf48fd44e3435faf20d92871646c895f98e6,414.720543,14.360130999999999,1,0.002222,"0,0,0",,,429.551,0,0,False,True,,False
cinebyrocks,boy-heron,The Boy and the Heron,anime_movie,508883,,,empty,2026-10-02T15:20:10.622078+00:00,b5ec3eaa291cf02e20e5025b96d3bf48fd44e3435faf20d92871646c895f98e6,658.960335,14.136453,1,0.002025,"0,0,0",,,673.521,0,0,False,True,,False
cinejoyaio,severance-s2,Severance,series,95396,2,1,played,2026-10-02T15:20:10.936407+00:00,b5ec3eaa291cf02e20e5025b96d3bf48fd44e3435faf20d92871646c895f98e6,1429.0097859999998,14.29094,6,0.006866,"0,0,0",4148.565726,1871.889866,6081.477,3,1,True,True,,False
watchseries,akira,Akira,anime_movie,149,,,resolve_timeout,2026-10-02T15:20:16.332356+00:00,b5ec3eaa291cf02e20e5025b96d3bf48fd44e3435faf20d92871646c895f98e6,35001.899457,14.919062,11,5000.808687,1,,,40018.17,0,0,False,True,,False
cineby,friends,Friends,series,1668,1,2,empty,2026-10-02T15:20:28.355266+00:00,b5ec3eaa291cf02e20e5025b96d3bf48fd44e3435faf20d92871646c895f98e6,30015.600671,15.250539,12,0.014468,"0,0,0",,,30031.38,0,0,False,True,,False
framextv,casablanca,Casablanca,movie,289,,,empty,2026-10-02T15:20:28.696323+00:00,b5ec3eaa291cf02e20e5025b96d3bf48fd44e3435faf20d92871646c895f98e6,18007.701369,45.72189,10,0.008864,"0,0,0",,,18069.839,0,0,False,True,,False
vidsrcsbs,suzume,Suzume,anime_movie,916224,,,resolve_timeout,2026-10-02T15:20:35.226218+00:00,b5ec3eaa291cf02e20e5025b96d3bf48fd44e3435faf20d92871646c895f98e6,35001.654774,19.469653,16,5001.231352999999,1,,,40022.938,0,0,False,True,,False
framextv,matrix,The Matrix,movie,603,,,empty,2026-10-02T15:20:46.720091+00:00,b5ec3eaa291cf02e20e5025b96d3bf48fd44e3435faf20d92871646c895f98e6,18008.43099,14.836053,10,0.002127,"0,0,0",,,18023.729,0,0,False,True,,False
watchseries,spirited-away,Spirited Away,anime_movie,129,,,resolve_timeout,2026-10-02T15:20:56.349189+00:00,b5ec3eaa291cf02e20e5025b96d3bf48fd44e3435faf20d92871646c895f98e6,35001.091261,13.639695,13,5001.48085,1,,,40016.799,0,0,False,True,,False
cinejoyaio,last-of-us-s2,The Last of Us,series,100088,2,1,decode_failed,2026-10-02T15:20:17.012811+00:00,b5ec3eaa291cf02e20e5025b96d3bf48fd44e3435faf20d92871646c895f98e6,1423.6070160000002,14.486403,6,0.006594,"0,0,0",,,42286.554,3,4,False,True,,False
cineby,breaking-bad-s2,Breaking Bad,series,1396,2,1,empty,2026-10-02T15:20:58.386413+00:00,b5ec3eaa291cf02e20e5025b96d3bf48fd44e3435faf20d92871646c895f98e6,30015.898444000002,14.576342,15,0.00762,"0,0,0",,,30031.145,0,0,False,True,,False
cinejoyaio,cowboy-bebop,Cowboy Bebop,anime,30991,1,2,empty,2026-10-02T15:21:00.371736+00:00,b5ec3eaa291cf02e20e5025b96d3bf48fd44e3435faf20d92871646c895f98e6,2496.221192,14.468032000000001,6,0.007483,"0,0,0",,,2511.136,0,0,False,True,,False
cinejoyaio,death-note,Death Note,anime,13916,1,2,empty,2026-10-02T15:21:02.699944+00:00,b5ec3eaa291cf02e20e5025b96d3bf48fd44e3435faf20d92871646c895f98e6,2312.992674,14.703877,6,0.007601,"0,0,0",,,2328.201,0,0,False,True,,False
cinejoyaio,aot-s3,Attack on Titan,anime,1429,3,2,empty,2026-10-02T15:21:04.230280+00:00,b5ec3eaa291cf02e20e5025b96d3bf48fd44e3435faf20d92871646c895f98e6,1515.418977,14.428138,6,0.00208,"0,0,0",,,1530.347,0,0,False,True,,False
framextv,inception,Inception,movie,27205,,,empty,2026-10-02T15:21:04.741322+00:00,b5ec3eaa291cf02e20e5025b96d3bf48fd44e3435faf20d92871646c895f98e6,18006.743621999998,13.89321,10,0.007424,"0,0,0",,,18021.219,0,0,False,True,,False
cinejoyaio,frieren,Frieren: Beyond Journey’s End,anime,209867,1,2,empty,2026-10-02T15:21:05.757035+00:00,b5ec3eaa291cf02e20e5025b96d3bf48fd44e3435faf20d92871646c895f98e6,1511.9352990000002,14.314447,6,0.007494,"0,0,0",,,1526.685,0,0,False,True,,False
cinejoyaio,solo-leveling-s2,Solo Leveling,anime,127532,2,1,empty,2026-10-02T15:21:08.264084+00:00,b5ec3eaa291cf02e20e5025b96d3bf48fd44e3435faf20d92871646c895f98e6,2491.717677,14.955242,6,0.002314,"0,0,0",,,2507.034,0,0,False,True,,False
cinejoyaio,akira,Akira,anime_movie,149,,,empty,2026-10-02T15:21:10.619147+00:00,b5ec3eaa291cf02e20e5025b96d3bf48fd44e3435faf20d92871646c895f98e6,2340.267403,14.299498000000002,6,0.002208,"0,0,0",,,2355.058,0,0,False,True,,False
cinejoyaio,spirited-away,Spirited Away,anime_movie,129,,,empty,2026-10-02T15:21:12.056772+00:00,b5ec3eaa291cf02e20e5025b96d3bf48fd44e3435faf20d92871646c895f98e6,1422.280571,14.862409,6,0.0027300000000000002,"0,0,0",,,1437.595,0,0,False,True,,False
framextv,dune-2,Dune: Part Two,movie,693134,,,empty,2026-10-02T15:21:12.268013+00:00,b5ec3eaa291cf02e20e5025b96d3bf48fd44e3435faf20d92871646c895f98e6,7511.002084000001,14.613309,40,0.007258,"0,0,0",,,7526.67,0,0,False,True,,False
cinejoyaio,your-name,Your Name.,anime_movie,372058,,,empty,2026-10-02T15:21:13.419922+00:00,b5ec3eaa291cf02e20e5025b96d3bf48fd44e3435faf20d92871646c895f98e6,1348.315556,14.289922,6,0.007376000000000001,"0,0,0",,,1363.117,0,0,False,True,,False
vidsrcsbs,boy-heron,The Boy and the Heron,anime_movie,508883,,,resolve_timeout,2026-10-02T15:21:15.093661+00:00,b5ec3eaa291cf02e20e5025b96d3bf48fd44e3435faf20d92871646c895f98e6,35001.861004,19.537039999999998,14,4845.396071,6,,,39867.418,0,0,False,True,,False
cinejoyaio,suzume,Suzume,anime_movie,916224,,,empty,2026-10-02T15:21:17.139016+00:00,b5ec3eaa291cf02e20e5025b96d3bf48fd44e3435faf20d92871646c895f98e6,3704.093538,14.473155,6,0.007238,"0,0,0",,,3719.073,0,0,False,True,,False
cinejoyaio,boy-heron,The Boy and the Heron,anime_movie,508883,,,empty,2026-10-02T15:21:18.910354+00:00,b5ec3eaa291cf02e20e5025b96d3bf48fd44e3435faf20d92871646c895f98e6,1756.3892640000001,14.548346,6,0.001986,"0,0,0",,,1771.307,0,0,False,True,,False
raflix,casablanca,Casablanca,movie,289,,,empty,2026-10-02T15:21:19.773934+00:00,b5ec3eaa291cf02e20e5025b96d3bf48fd44e3435faf20d92871646c895f98e6,803.400033,41.912278,5,0.007166,"0,0,0",,,854.294,0,0,False,True,,False
framextv,sinners,Sinners,movie,1233413,,,empty,2026-10-02T15:21:19.794968+00:00,b5ec3eaa291cf02e20e5025b96d3bf48fd44e3435faf20d92871646c895f98e6,7511.305112999999,14.562199,40,0.007351,"0,0,0",,,7526.929,0,0,False,True,,False
raflix,matrix,The Matrix,movie,603,,,empty,2026-10-02T15:21:20.168136+00:00,b5ec3eaa291cf02e20e5025b96d3bf48fd44e3435faf20d92871646c895f98e6,379.34519300000005,14.387469999999999,3,0.00206,"0,0,0",,,394.179,0,0,False,True,,False
raflix,inception,Inception,movie,27205,,,empty,2026-10-02T15:21:20.545128+00:00,b5ec3eaa291cf02e20e5025b96d3bf48fd44e3435faf20d92871646c895f98e6,362.44167799999997,14.117968,3,0.007167,"0,0,0",,,376.956,0,0,False,True,,False
raflix,dune-2,Dune: Part Two,movie,693134,,,empty,2026-10-02T15:21:20.914608+00:00,b5ec3eaa291cf02e20e5025b96d3bf48fd44e3435faf20d92871646c895f98e6,354.967602,14.022052,3,0.007378,"0,0,0",,,369.476,0,0,False,True,,False
playimdb,casablanca,Casablanca,movie,289,,,played,2026-10-02T15:21:15.471424+00:00,b5ec3eaa291cf02e20e5025b96d3bf48fd44e3435faf20d92871646c895f98e6,316.737731,47.596289999999996,1,0.0066370000000000005,"0,0,0",3489.257021,2444.222637,6364.83,3,1,True,True,,False
raflix,sinners,Sinners,movie,1233413,,,empty,2026-10-02T15:21:21.490617+00:00,b5ec3eaa291cf02e20e5025b96d3bf48fd44e3435faf20d92871646c895f98e6,561.402592,14.149227999999999,4,0.0024839999999999997,"0,0,0",,,575.988,0,0,False,True,,False
raflix,twilight-zone,The Twilight Zone,series,6357,1,2,empty,2026-10-02T15:21:26.699642+00:00,b5ec3eaa291cf02e20e5025b96d3bf48fd44e3435faf20d92871646c895f98e6,5194.106465,14.374619,3,0.007451,"0,0,0",,,5208.998,0,0,False,True,,False
framextv,twilight-zone,The Twilight Zone,series,6357,1,2,empty,2026-10-02T15:21:27.323344+00:00,b5ec3eaa291cf02e20e5025b96d3bf48fd44e3435faf20d92871646c895f98e6,7512.936,14.326877999999999,40,0.0076359999999999996,"0,0,0",,,7528.343,0,0,False,True,,False
cineby,severance-s2,Severance,series,95396,2,1,empty,2026-10-02T15:21:28.417807+00:00,b5ec3eaa291cf02e20e5025b96d3bf48fd44e3435faf20d92871646c895f98e6,30016.185242,14.567214,15,0.007890999999999999,"0,0,0",,,30031.367,0,0,False,True,,False
playimdb,matrix,The Matrix,movie,603,,,played,2026-10-02T15:21:21.709825+00:00,b5ec3eaa291cf02e20e5025b96d3bf48fd44e3435faf20d92871646c895f98e6,234.072936,14.080274000000001,1,0.08289200000000001,"0,0,0",3247.88221,3253.274892,6990.233,3,1,True,True,,False
raflix,friends,Friends,series,1668,1,2,empty,2026-10-02T15:21:31.904683+00:00,b5ec3eaa291cf02e20e5025b96d3bf48fd44e3435faf20d92871646c895f98e6,5190.415008000001,14.097922,2,0.0073880000000000005,"0,0,0",,,5205.021,0,0,False,True,,False
raflix,breaking-bad-s2,Breaking Bad,series,1396,2,1,empty,2026-10-02T15:21:32.275315+00:00,b5ec3eaa291cf02e20e5025b96d3bf48fd44e3435faf20d92871646c895f98e6,355.701332,14.477535,3,0.002417,"0,0,0",,,370.607,0,0,False,True,,False
framextv,friends,Friends,series,1668,1,2,empty,2026-10-02T15:21:34.850513+00:00,b5ec3eaa291cf02e20e5025b96d3bf48fd44e3435faf20d92871646c895f98e6,7511.841773,14.177455,40,0.007552,"0,0,0",,,7527.158,0,0,False,True,,False
playimdb,inception,Inception,movie,27205,,,played,2026-10-02T15:21:28.699073+00:00,b5ec3eaa291cf02e20e5025b96d3bf48fd44e3435faf20d92871646c895f98e6,233.77387299999998,14.113916000000001,1,0.006681,"0,0,0",3209.691789,3172.1556809999997,6638.231,3,1,True,True,,False
watchseries,your-name,Your Name.,anime_movie,372058,,,resolve_timeout,2026-10-02T15:21:36.365755+00:00,b5ec3eaa291cf02e20e5025b96d3bf48fd44e3435faf20d92871646c895f98e6,35000.840322000004,13.615709,16,5001.615286,1,,,40016.55,0,0,False,True,,False
raflix,severance-s2,Severance,series,95396,2,1,played,2026-10-02T15:21:35.542506+00:00,b5ec3eaa291cf02e20e5025b96d3bf48fd44e3435faf20d92871646c895f98e6,3252.580359,14.116682,4,0.00586,"0,0,0",3974.538041,593.39386,5048.797,1,1,True,True,,False
raflix,last-of-us-s2,The Last of Us,series,100088,2,1,played,2026-10-02T15:21:40.171960+00:00,b5ec3eaa291cf02e20e5025b96d3bf48fd44e3435faf20d92871646c895f98e6,2832.5638729999996,14.611423,4,0.018088,"0,0,0",3388.2582959999995,549.884088,4328.771,1,1,True,True,,False
framextv,breaking-bad-s2,Breaking Bad,series,1396,2,1,empty,2026-10-02T15:21:42.377761+00:00,b5ec3eaa291cf02e20e5025b96d3bf48fd44e3435faf20d92871646c895f98e6,7511.866336,14.430632000000001,40,0.007846,"0,0,0",,,7527.209,0,0,False,True,,False
playimdb,dune-2,Dune: Part Two,movie,693134,,,played,2026-10-02T15:21:35.352753+00:00,b5ec3eaa291cf02e20e5025b96d3bf48fd44e3435faf20d92871646c895f98e6,248.912564,14.493891,1,0.006521,"0,0,0",4305.088455,3027.225521,7555.112,3,1,True,True,,False
raflix,cowboy-bebop,Cowboy Bebop,anime,30991,1,2,empty,2026-10-02T15:21:43.795055+00:00,b5ec3eaa291cf02e20e5025b96d3bf48fd44e3435faf20d92871646c895f98e6,2126.867749,14.618293,3,0.007635,"0,0,0",,,2142.114,0,0,False,True,,False
raflix,death-note,Death Note,anime,13916,1,2,empty,2026-10-02T15:21:46.032246+00:00,b5ec3eaa291cf02e20e5025b96d3bf48fd44e3435faf20d92871646c895f98e6,2222.263597,14.435314,3,0.007317000000000001,"0,0,0",,,2237.16,0,0,False,True,,False
raflix,aot-s3,Attack on Titan,anime,1429,3,2,empty,2026-10-02T15:21:47.071738+00:00,b5ec3eaa291cf02e20e5025b96d3bf48fd44e3435faf20d92871646c895f98e6,1024.34918,14.683171,3,0.002014,"0,0,0",,,1039.475,0,0,False,True,,False
raflix,frieren,Frieren: Beyond Journey’s End,anime,209867,1,2,empty,2026-10-02T15:21:48.670589+00:00,b5ec3eaa291cf02e20e5025b96d3bf48fd44e3435faf20d92871646c895f98e6,1583.40614,14.926633,4,0.007209,"0,0,0",,,1598.821,0,0,False,True,,False
framextv,severance-s2,Severance,series,95396,2,1,empty,2026-10-02T15:21:49.904123+00:00,b5ec3eaa291cf02e20e5025b96d3bf48fd44e3435faf20d92871646c895f98e6,7510.861422,14.366939,40,0.007836,"0,0,0",,,7526.363,0,0,False,True,,False
playimdb,sinners,Sinners,movie,1233413,,,played,2026-10-02T15:21:42.888137+00:00,b5ec3eaa291cf02e20e5025b96d3bf48fd44e3435faf20d92871646c895f98e6,229.14691100000002,14.496727,1,0.006682,"0,0,0",3171.3726380000003,3843.3336820000004,7334.86,3,1,True,True,,False
raflix,solo-leveling-s2,Solo Leveling,anime,127532,2,1,empty,2026-10-02T15:21:52.825349+00:00,b5ec3eaa291cf02e20e5025b96d3bf48fd44e3435faf20d92871646c895f98e6,4139.623508,14.704638000000001,2,0.002872,"0,0,0",,,4154.752,0,0,False,True,,False
raflix,akira,Akira,anime_movie,149,,,empty,2026-10-02T15:21:53.317529+00:00,b5ec3eaa291cf02e20e5025b96d3bf48fd44e3435faf20d92871646c895f98e6,477.788554,13.922063999999999,4,0.0021550000000000002,"0,0,0",,,492.153,0,0,False,True,,False
raflix,spirited-away,Spirited Away,anime_movie,129,,,empty,2026-10-02T15:21:54.443746+00:00,b5ec3eaa291cf02e20e5025b96d3bf48fd44e3435faf20d92871646c895f98e6,1111.581171,14.109381,3,0.007244,"0,0,0",,,1126.196,0,0,False,True,,False
raflix,your-name,Your Name.,anime_movie,372058,,,empty,2026-10-02T15:21:54.816729+00:00,b5ec3eaa291cf02e20e5025b96d3bf48fd44e3435faf20d92871646c895f98e6,358.20227,14.253777000000001,3,0.007251,"0,0,0",,,372.955,0,0,False,True,,False
raflix,suzume,Suzume,anime_movie,916224,,,empty,2026-10-02T15:21:55.041514+00:00,b5ec3eaa291cf02e20e5025b96d3bf48fd44e3435faf20d92871646c895f98e6,210.238096,14.032887,3,0.007203,"0,0,0",,,224.755,0,0,False,True,,False
playimdb,twilight-zone,The Twilight Zone,series,6357,1,2,played,2026-10-02T15:21:50.227557+00:00,b5ec3eaa291cf02e20e5025b96d3bf48fd44e3435faf20d92871646c895f98e6,233.749957,14.27065,1,0.019821,"0,0,0",3147.626607,2177.327821,5737.115,3,1,True,True,,False
raflix,boy-heron,The Boy and the Heron,anime_movie,508883,,,empty,2026-10-02T15:21:56.342315+00:00,b5ec3eaa291cf02e20e5025b96d3bf48fd44e3435faf20d92871646c895f98e6,1286.400357,13.989196,4,0.0023829999999999997,"0,0,0",,,1300.79,0,0,False,True,,False
framextv,last-of-us-s2,The Last of Us,series,100088,2,1,empty,2026-10-02T15:21:57.431958+00:00,b5ec3eaa291cf02e20e5025b96d3bf48fd44e3435faf20d92871646c895f98e6,7512.690958,14.275377,40,0.0022749999999999997,"0,0,0",,,7527.802,0,0,False,True,,False
cineby,last-of-us-s2,The Last of Us,series,100088,2,1,empty,2026-10-02T15:21:58.448779+00:00,b5ec3eaa291cf02e20e5025b96d3bf48fd44e3435faf20d92871646c895f98e6,30015.628935999997,14.779525999999999,12,0.00244,"0,0,0",,,30030.951,0,0,False,True,,False
playimdb,friends,Friends,series,1668,1,2,played,2026-10-02T15:21:55.960895+00:00,b5ec3eaa291cf02e20e5025b96d3bf48fd44e3435faf20d92871646c895f98e6,229.006696,15.195067,1,0.030006,"0,0,0",2778.3127630000004,2211.849006,5482.734,3,1,True,True,,False
playimdb,breaking-bad-s2,Breaking Bad,series,1396,2,1,played,2026-10-02T15:22:01.447583+00:00,b5ec3eaa291cf02e20e5025b96d3bf48fd44e3435faf20d92871646c895f98e6,233.687272,14.561007,1,0.006628,"0,0,0",2589.1712789999997,2161.691628,5285.916,3,1,True,True,,False
rivestream,casablanca,Casablanca,movie,289,,,empty,2026-10-02T15:22:06.673608+00:00,b5ec3eaa291cf02e20e5025b96d3bf48fd44e3435faf20d92871646c895f98e6,10271.012183,48.409144,13,0.002111,"0,0,0",,,10329.653,0,0,False,True,,False
playimdb,severance-s2,Severance,series,95396,2,1,played,2026-10-02T15:22:06.727860+00:00,b5ec3eaa291cf02e20e5025b96d3bf48fd44e3435faf20d92871646c895f98e6,226.821189,15.870714000000001,1,0.006725,"0,0,0",3096.941903,1958.059725,5480.617,3,1,True,True,,False
framextv,cowboy-bebop,Cowboy Bebop,anime,30991,1,2,empty,2026-10-02T15:22:12.960917+00:00,b5ec3eaa291cf02e20e5025b96d3bf48fd44e3435faf20d92871646c895f98e6,15513.671314,14.378378000000001,40,0.0020889999999999997,"0,0,0",,,15528.898,0,0,False,True,,False
watchseries,suzume,Suzume,anime_movie,916224,,,resolve_timeout,2026-10-02T15:22:16.383176+00:00,b5ec3eaa291cf02e20e5025b96d3bf48fd44e3435faf20d92871646c895f98e6,35002.049503,13.384357,13,5001.415125,1,,,40017.41,0,0,False,True,,False
playimdb,last-of-us-s2,The Last of Us,series,100088,2,1,played,2026-10-02T15:22:12.292175+00:00,b5ec3eaa291cf02e20e5025b96d3bf48fd44e3435faf20d92871646c895f98e6,311.870026,14.247091,1,0.020395999999999997,"0,0,0",3965.9591170000003,3066.955396,7567.931,3,1,True,True,,False
playimdb,cowboy-bebop,Cowboy Bebop,anime,30991,1,2,empty,2026-10-02T15:22:19.785582+00:00,b5ec3eaa291cf02e20e5025b96d3bf48fd44e3435faf20d92871646c895f98e6,237.853301,14.059188,1,0.00759,"0,0,0",,,252.337,0,0,False,True,,False
playimdb,death-note,Death Note,anime,13916,1,2,empty,2026-10-02T15:22:20.033937+00:00,b5ec3eaa291cf02e20e5025b96d3bf48fd44e3435faf20d92871646c895f98e6,233.775575,14.087686,1,0.007442,"0,0,0",,,248.348,0,0,False,True,,False
playimdb,aot-s3,Attack on Titan,anime,1429,3,2,empty,2026-10-02T15:22:20.276883+00:00,b5ec3eaa291cf02e20e5025b96d3bf48fd44e3435faf20d92871646c895f98e6,228.167137,14.196123,1,0.0033280000000000002,"0,0,0",,,242.817,0,0,False,True,,False
playimdb,frieren,Frieren: Beyond Journey’s End,anime,209867,1,2,empty,2026-10-02T15:22:20.517956+00:00,b5ec3eaa291cf02e20e5025b96d3bf48fd44e3435faf20d92871646c895f98e6,226.216001,14.334838000000001,1,0.007623,"0,0,0",,,241.047,0,0,False,True,,False
playimdb,solo-leveling-s2,Solo Leveling,anime,127532,2,1,empty,2026-10-02T15:22:20.760770+00:00,b5ec3eaa291cf02e20e5025b96d3bf48fd44e3435faf20d92871646c895f98e6,228.131929,14.156612,1,0.008034,"0,0,0",,,242.8,0,0,False,True,,False
playimdb,akira,Akira,anime_movie,149,,,empty,2026-10-02T15:22:21.013314+00:00,b5ec3eaa291cf02e20e5025b96d3bf48fd44e3435faf20d92871646c895f98e6,237.874303,14.229769999999998,1,0.00723,"0,0,0",,,252.505,0,0,False,True,,False
playimdb,spirited-away,Spirited Away,anime_movie,129,,,empty,2026-10-02T15:22:21.269737+00:00,b5ec3eaa291cf02e20e5025b96d3bf48fd44e3435faf20d92871646c895f98e6,241.731893,14.207231,1,0.0073089999999999995,"0,0,0",,,256.418,0,0,False,True,,False
playimdb,your-name,Your Name.,anime_movie,372058,,,empty,2026-10-02T15:22:21.529112+00:00,b5ec3eaa291cf02e20e5025b96d3bf48fd44e3435faf20d92871646c895f98e6,244.57959200000002,14.29252,1,0.00718,"0,0,0",,,259.349,0,0,False,True,,False
playimdb,suzume,Suzume,anime_movie,916224,,,empty,2026-10-02T15:22:21.768527+00:00,b5ec3eaa291cf02e20e5025b96d3bf48fd44e3435faf20d92871646c895f98e6,224.82877200000001,14.119319,1,0.0022,"0,0,0",,,239.392,0,0,False,True,,False
playimdb,boy-heron,The Boy and the Heron,anime_movie,508883,,,empty,2026-10-02T15:22:22.015536+00:00,b5ec3eaa291cf02e20e5025b96d3bf48fd44e3435faf20d92871646c895f98e6,232.32629599999999,14.261449,1,0.003502,"0,0,0",,,246.974,0,0,False,True,,False
rivestream,matrix,The Matrix,movie,603,,,played,2026-10-02T15:22:21.143862+00:00,b5ec3eaa291cf02e20e5025b96d3bf48fd44e3435faf20d92871646c895f98e6,14454.98171,14.400445,16,0.020963,"0,0,0",15766.025155,1094.566963,17303.705,4,1,True,True,,False
cineby,cowboy-bebop,Cowboy Bebop,anime,30991,1,2,empty,2026-10-02T15:22:28.479317+00:00,b5ec3eaa291cf02e20e5025b96d3bf48fd44e3435faf20d92871646c895f98e6,30015.347821,14.576581,14,0.007562,"0,0,0",,,30030.511,0,0,False,True,,False
framextv,death-note,Death Note,anime,13916,1,2,empty,2026-10-02T15:22:30.981869+00:00,b5ec3eaa291cf02e20e5025b96d3bf48fd44e3435faf20d92871646c895f98e6,18006.409058999998,13.874534,10,0.007536,"0,0,0",,,18020.925,0,0,False,True,,False
rivestream,inception,Inception,movie,27205,,,played,2026-10-02T15:22:35.951822+00:00,b5ec3eaa291cf02e20e5025b96d3bf48fd44e3435faf20d92871646c895f98e6,11959.288903,14.282177,20,0.008815,"0,0,0",13372.264079999999,931.846815,15258.544,7,1,True,True,,False
framextv,aot-s3,Attack on Titan,anime,1429,3,2,empty,2026-10-02T15:22:49.004132+00:00,b5ec3eaa291cf02e20e5025b96d3bf48fd44e3435faf20d92871646c895f98e6,18007.321370999998,14.425156999999999,10,0.007549,"0,0,0",,,18022.239,0,0,False,True,,False
watchseries,boy-heron,The Boy and the Heron,anime_movie,508883,,,resolve_timeout,2026-10-02T15:22:56.399932+00:00,b5ec3eaa291cf02e20e5025b96d3bf48fd44e3435faf20d92871646c895f98e6,35000.728025000004,13.668994,13,5001.703704,3,,,40016.743,0,0,False,True,,False
rivestream,dune-2,Dune: Part Two,movie,693134,,,played,2026-10-02T15:22:54.970832+00:00,b5ec3eaa291cf02e20e5025b96d3bf48fd44e3435faf20d92871646c895f98e6,15719.432335000001,14.316650000000001,23,0.010307,"0,0,0",17234.755985000003,880.191307,18218.04,11,1,True,True,,False
stellar,casablanca,Casablanca,movie,289,,,decode_failed,2026-10-02T15:22:54.973632+00:00,b5ec3eaa291cf02e20e5025b96d3bf48fd44e3435faf20d92871646c895f98e6,32903.794992,41.511178,16,0.007081,"0,0,0",,,35769.872,4,4,False,True,,False
cineby,death-note,Death Note,anime,13916,1,2,empty,2026-10-02T15:22:58.510112+00:00,b5ec3eaa291cf02e20e5025b96d3bf48fd44e3435faf20d92871646c895f98e6,30015.688625,14.502034,14,0.007371,"0,0,0",,,30030.761,0,0,False,True,,False
framextv,frieren,Frieren: Beyond Journey’s End,anime,209867,1,2,empty,2026-10-02T15:23:03.031065+00:00,b5ec3eaa291cf02e20e5025b96d3bf48fd44e3435faf20d92871646c895f98e6,14012.110642,14.2361,30,0.002194,"0,0,0",,,14026.92,0,0,False,True,,False
framextv,solo-leveling-s2,Solo Leveling,anime,127532,2,1,empty,2026-10-02T15:23:10.559719+00:00,b5ec3eaa291cf02e20e5025b96d3bf48fd44e3435faf20d92871646c895f98e6,7513.335238,14.371792,40,0.007658,"0,0,0",,,7528.634,0,0,False,True,,False
stellar,matrix,The Matrix,movie,603,,,decode_failed,2026-10-02T15:23:05.636656+00:00,b5ec3eaa291cf02e20e5025b96d3bf48fd44e3435faf20d92871646c895f98e6,7834.246351,14.386751,17,0.007857,"0,0,0",,,14418.374,5,4,False,True,,False
rivestream,sinners,Sinners,movie,1233413,,,played,2026-10-02T15:23:10.320602+00:00,b5ec3eaa291cf02e20e5025b96d3bf48fd44e3435faf20d92871646c895f98e6,12850.69964,14.799849,18,0.022693,"0,0,0",14051.091489000002,664.574693,15399.581,6,1,True,True,,False
framextv,akira,Akira,anime_movie,149,,,empty,2026-10-02T15:23:18.086872+00:00,b5ec3eaa291cf02e20e5025b96d3bf48fd44e3435faf20d92871646c895f98e6,7512.1582260000005,13.951305000000001,40,0.0076879999999999995,"0,0,0",,,7527.149,0,0,False,True,,False
stellar,inception,Inception,movie,27205,,,decode_failed,2026-10-02T15:23:18.383092+00:00,b5ec3eaa291cf02e20e5025b96d3bf48fd44e3435faf20d92871646c895f98e6,6161.949215,14.707322,17,0.008348,"0,0,0",,,8724.451,5,3,False,True,,False
framextv,spirited-away,Spirited Away,anime_movie,129,,,empty,2026-10-02T15:23:25.612444+00:00,b5ec3eaa291cf02e20e5025b96d3bf48fd44e3435faf20d92871646c895f98e6,7509.966399,14.42997,40,0.007703000000000001,"0,0,0",,,7525.549,0,0,False,True,,False
videasy,casablanca,Casablanca,movie,289,,,empty,2026-10-02T15:23:26.490212+00:00,b5ec3eaa291cf02e20e5025b96d3bf48fd44e3435faf20d92871646c895f98e6,30018.31073,47.996924,14,0.0027489999999999997,"0,0,0",,,30078.177,0,0,False,True,,False
rivestream,twilight-zone,The Twilight Zone,series,6357,1,2,played,2026-10-02T15:23:24.215568+00:00,b5ec3eaa291cf02e20e5025b96d3bf48fd44e3435faf20d92871646c895f98e6,11346.573811,14.683783,15,0.006583,"0,0,0",12208.184594,842.769583,14345.478,2,1,True,True,,False
cineby,aot-s3,Attack on Titan,anime,1429,3,2,empty,2026-10-02T15:23:28.542234+00:00,b5ec3eaa291cf02e20e5025b96d3bf48fd44e3435faf20d92871646c895f98e6,30015.720889,15.902679999999998,5,0.0022819999999999997,"0,0,0",,,30032.102,0,0,False,True,,False
stellar,dune-2,Dune: Part Two,movie,693134,,,decode_failed,2026-10-02T15:23:27.337335+00:00,b5ec3eaa291cf02e20e5025b96d3bf48fd44e3435faf20d92871646c895f98e6,6391.597783,14.764718,17,0.018223000000000003,"0,0,0",,,9320.584,5,4,False,True,,False
framextv,your-name,Your Name.,anime_movie,372058,,,empty,2026-10-02T15:23:33.138240+00:00,b5ec3eaa291cf02e20e5025b96d3bf48fd44e3435faf20d92871646c895f98e6,7510.198517,14.156269,40,0.007339,"0,0,0",,,7525.852,0,0,False,True,,False
framextv,suzume,Suzume,anime_movie,916224,,,empty,2026-10-02T15:23:40.664824+00:00,b5ec3eaa291cf02e20e5025b96d3bf48fd44e3435faf20d92871646c895f98e6,7511.48395,14.00374,40,0.007906,"0,0,0",,,7526.462,0,0,False,True,,False
stellar,sinners,Sinners,movie,1233413,,,decode_failed,2026-10-02T15:23:38.881815+00:00,b5ec3eaa291cf02e20e5025b96d3bf48fd44e3435faf20d92871646c895f98e6,8615.840713000001,14.534805,17,0.007954999999999999,"0,0,0",,,11128.324,5,3,False,True,,False
framextv,boy-heron,The Boy and the Heron,anime_movie,508883,,,empty,2026-10-02T15:23:48.191949+00:00,b5ec3eaa291cf02e20e5025b96d3bf48fd44e3435faf20d92871646c895f98e6,7511.303248,14.755621,40,0.007661,"0,0,0",,,7527.115,0,0,False,True,,False
videasy,matrix,The Matrix,movie,603,,,empty,2026-10-02T15:23:56.520225+00:00,b5ec3eaa291cf02e20e5025b96d3bf48fd44e3435faf20d92871646c895f98e6,30015.247067,14.236531,18,0.001944,"0,0,0",,,30029.989,0,0,False,True,,False
cineby,frieren,Frieren: Beyond Journey’s End,anime,209867,1,2,empty,2026-10-02T15:23:58.573178+00:00,b5ec3eaa291cf02e20e5025b96d3bf48fd44e3435faf20d92871646c895f98e6,30015.465142,14.92538,17,0.002706,"0,0,0",,,30030.919,0,0,False,True,,False
stellar,twilight-zone,The Twilight Zone,series,6357,1,2,decode_failed,2026-10-02T15:24:03.440966+00:00,b5ec3eaa291cf02e20e5025b96d3bf48fd44e3435faf20d92871646c895f98e6,22046.253455,14.873825,14,0.01972,"0,0,0",,,23771.328,2,4,False,True,,False
stellar,friends,Friends,series,1668,1,2,decode_failed,2026-10-02T15:24:12.399257+00:00,b5ec3eaa291cf02e20e5025b96d3bf48fd44e3435faf20d92871646c895f98e6,7233.417714,14.726991,15,0.006958,"0,0,0",,,8909.478,3,4,False,True,,False
rivestream,friends,Friends,series,1668,1,2,decode_failed,2026-10-02T15:23:35.659760+00:00,b5ec3eaa291cf02e20e5025b96d3bf48fd44e3435faf20d92871646c895f98e6,8445.097841,14.756079999999999,14,0.018414,"0,0,0",,,48464.421,1,1,False,True,,False
videasyto,casablanca,Casablanca,movie,289,,,empty,2026-10-02T15:24:20.281225+00:00,b5ec3eaa291cf02e20e5025b96d3bf48fd44e3435faf20d92871646c895f98e6,32015.94601,50.699253999999996,15,0.003334,"0,0,0",,,32077.11,0,0,False,True,,False
stellar,breaking-bad-s2,Breaking Bad,series,1396,2,1,decode_failed,2026-10-02T15:24:21.521418+00:00,b5ec3eaa291cf02e20e5025b96d3bf48fd44e3435faf20d92871646c895f98e6,7445.047165,14.765629,17,0.021903,"0,0,0",,,11075.052,5,4,False,True,,False
videasy,inception,Inception,movie,27205,,,empty,2026-10-02T15:24:26.550323+00:00,b5ec3eaa291cf02e20e5025b96d3bf48fd44e3435faf20d92871646c895f98e6,30014.828966,14.659030999999999,14,0.006918,"0,0,0",,,30030.076,0,0,False,True,,False
cineby,solo-leveling-s2,Solo Leveling,anime,127532,2,1,empty,2026-10-02T15:24:28.604667+00:00,b5ec3eaa291cf02e20e5025b96d3bf48fd44e3435faf20d92871646c895f98e6,30015.944248,14.942177,14,0.0074789999999999995,"0,0,0",,,30031.462,0,0,False,True,,False
rivestream,breaking-bad-s2,Breaking Bad,series,1396,2,1,played,2026-10-02T15:24:26.949963+00:00,b5ec3eaa291cf02e20e5025b96d3bf48fd44e3435faf20d92871646c895f98e6,11271.427838,14.16338,17,0.007315,"0,0,0",12266.604218,1428.510315,14420.362,4,1,True,True,,False
rivestream,severance-s2,Severance,series,95396,2,1,played,2026-10-02T15:24:44.160530+00:00,b5ec3eaa291cf02e20e5025b96d3bf48fd44e3435faf20d92871646c895f98e6,14061.213563000001,14.427227,15,0.019767,"0,0,0",14758.605790000001,548.187767,15657.749,2,1,True,True,,False
stellar,severance-s2,Severance,series,95396,2,1,decode_failed,2026-10-02T15:24:45.970479+00:00,b5ec3eaa291cf02e20e5025b96d3bf48fd44e3435faf20d92871646c895f98e6,20819.848803,14.842831,16,0.007322,"0,0,0",,,23948.805,4,4,False,True,,False
videasyto,matrix,The Matrix,movie,603,,,empty,2026-10-02T15:24:52.313240+00:00,b5ec3eaa291cf02e20e5025b96d3bf48fd44e3435faf20d92871646c895f98e6,32016.243918999997,15.259513,15,0.007255999999999999,"0,0,0",,,32031.989,0,0,False,True,,False
videasy,dune-2,Dune: Part Two,movie,693134,,,empty,2026-10-02T15:24:56.579212+00:00,b5ec3eaa291cf02e20e5025b96d3bf48fd44e3435faf20d92871646c895f98e6,30014.491612,13.900848,12,0.007384,"0,0,0",,,30028.855,0,0,False,True,,False
cineby,akira,Akira,anime_movie,149,,,empty,2026-10-02T15:24:58.637330+00:00,b5ec3eaa291cf02e20e5025b96d3bf48fd44e3435faf20d92871646c895f98e6,30016.122582,14.741437,12,0.007260999999999999,"0,0,0",,,30031.456,0,0,False,True,,False
rivestream,last-of-us-s2,The Last of Us,series,100088,2,1,played,2026-10-02T15:24:59.299940+00:00,b5ec3eaa291cf02e20e5025b96d3bf48fd44e3435faf20d92871646c895f98e6,13542.275420999998,14.757451,24,0.010869,"0,0,0",14685.508871999999,1355.243869,17193.535,12,1,True,True,,False
stellar,last-of-us-s2,The Last of Us,series,100088,2,1,decode_failed,2026-10-02T15:25:08.744332+00:00,b5ec3eaa291cf02e20e5025b96d3bf48fd44e3435faf20d92871646c895f98e6,19644.839656999997,14.597704,16,0.021949,"0,0,0",,,23073.257,4,4,False,True,,False
rivestream,cowboy-bebop,Cowboy Bebop,anime,30991,1,2,empty,2026-10-02T15:25:16.110183+00:00,b5ec3eaa291cf02e20e5025b96d3bf48fd44e3435faf20d92871646c895f98e6,13159.958168,14.158786,17,0.007598,"0,0,0",,,13174.816,0,0,False,True,,False
videasyto,inception,Inception,movie,27205,,,empty,2026-10-02T15:25:24.344278+00:00,b5ec3eaa291cf02e20e5025b96d3bf48fd44e3435faf20d92871646c895f98e6,32015.773369000002,14.712034000000001,14,0.007403,"0,0,0",,,32031.028,0,0,False,True,,False
videasy,sinners,Sinners,movie,1233413,,,empty,2026-10-02T15:25:26.609331+00:00,b5ec3eaa291cf02e20e5025b96d3bf48fd44e3435faf20d92871646c895f98e6,30015.245779,14.287339,15,0.006979,"0,0,0",,,30030.113,0,0,False,True,,False
rivestream,death-note,Death Note,anime,13916,1,2,empty,2026-10-02T15:25:28.533560+00:00,b5ec3eaa291cf02e20e5025b96d3bf48fd44e3435faf20d92871646c895f98e6,12407.957162,14.774257,23,0.002417,"0,0,0",,,12423.371,0,0,False,True,,False
cineby,spirited-away,Spirited Away,anime_movie,129,,,empty,2026-10-02T15:25:28.697437+00:00,b5ec3eaa291cf02e20e5025b96d3bf48fd44e3435faf20d92871646c895f98e6,30044.665178,14.780968,15,0.007336,"0,0,0",,,30060.086,0,0,False,True,,False
stellar,cowboy-bebop,Cowboy Bebop,anime,30991,1,2,empty,2026-10-02T15:25:33.856527+00:00,b5ec3eaa291cf02e20e5025b96d3bf48fd44e3435faf20d92871646c895f98e6,21684.130849999998,14.733935,14,0.0022630000000000003,"0,0,0",,,21699.459,0,0,False,True,,False
rivestream,aot-s3,Attack on Titan,anime,1429,3,2,empty,2026-10-02T15:25:42.027567+00:00,b5ec3eaa291cf02e20e5025b96d3bf48fd44e3435faf20d92871646c895f98e6,13478.861076,14.450342,22,0.002311,"0,0,0",,,13494.034,0,0,False,True,,False
rivestream,frieren,Frieren: Beyond Journey’s End,anime,209867,1,2,empty,2026-10-02T15:25:54.096469+00:00,b5ec3eaa291cf02e20e5025b96d3bf48fd44e3435faf20d92871646c895f98e6,12053.98618,14.174534000000001,19,0.0036049999999999997,"0,0,0",,,12068.823,0,0,False,True,,False
stellar,death-note,Death Note,anime,13916,1,2,empty,2026-10-02T15:25:55.623682+00:00,b5ec3eaa291cf02e20e5025b96d3bf48fd44e3435faf20d92871646c895f98e6,21751.679285000002,14.786242,16,0.0075569999999999995,"0,0,0",,,21767.133,0,0,False,True,,False
videasyto,dune-2,Dune: Part Two,movie,693134,,,empty,2026-10-02T15:25:56.376118+00:00,b5ec3eaa291cf02e20e5025b96d3bf48fd44e3435faf20d92871646c895f98e6,32016.488664,14.895011,14,0.002456,"0,0,0",,,32031.814,0,0,False,True,,False
videasy,twilight-zone,The Twilight Zone,series,6357,1,2,empty,2026-10-02T15:25:56.640137+00:00,b5ec3eaa291cf02e20e5025b96d3bf48fd44e3435faf20d92871646c895f98e6,30015.741768,14.566922,12,0.002819,"0,0,0",,,30030.771,0,0,False,True,,False
cineby,your-name,Your Name.,anime_movie,372058,,,empty,2026-10-02T15:25:58.728298+00:00,b5ec3eaa291cf02e20e5025b96d3bf48fd44e3435faf20d92871646c895f98e6,30015.902736,14.366071,12,0.007805,"0,0,0",,,30030.827,0,0,False,True,,False
rivestream,solo-leveling-s2,Solo Leveling,anime,127532,2,1,empty,2026-10-02T15:26:10.747766+00:00,b5ec3eaa291cf02e20e5025b96d3bf48fd44e3435faf20d92871646c895f98e6,16636.466157000003,14.175606,23,0.002039,"0,0,0",,,16651.276,0,0,False,True,,False
stellar,aot-s3,Attack on Titan,anime,1429,3,2,empty,2026-10-02T15:26:16.196159+00:00,b5ec3eaa291cf02e20e5025b96d3bf48fd44e3435faf20d92871646c895f98e6,20557.114786,14.546614,16,0.0069500000000000004,"0,0,0",,,20572.448,0,0,False,True,,False
rivestream,akira,Akira,anime_movie,149,,,empty,2026-10-02T15:26:17.780808+00:00,b5ec3eaa291cf02e20e5025b96d3bf48fd44e3435faf20d92871646c895f98e6,7018.566238,13.91246,17,0.002306,"0,0,0",,,7033.027,0,0,False,True,,False
videasy,friends,Friends,series,1668,1,2,empty,2026-10-02T15:26:26.670396+00:00,b5ec3eaa291cf02e20e5025b96d3bf48fd44e3435faf20d92871646c895f98e6,30015.403145,14.273588,11,0.015141,"0,0,0",,,30030.25,0,0,False,True,,False
videasyto,sinners,Sinners,movie,1233413,,,empty,2026-10-02T15:26:28.408678+00:00,b5ec3eaa291cf02e20e5025b96d3bf48fd44e3435faf20d92871646c895f98e6,32017.073304999998,14.942135,12,0.007345,"0,0,0",,,32032.551,0,0,False,True,,False
cineby,suzume,Suzume,anime_movie,916224,,,empty,2026-10-02T15:26:28.763202+00:00,b5ec3eaa291cf02e20e5025b96d3bf48fd44e3435faf20d92871646c895f98e6,30018.780004,15.638224999999998,9,0.0072,"0,0,0",,,30034.876,0,0,False,True,,False
rivestream,spirited-away,Spirited Away,anime_movie,129,,,empty,2026-10-02T15:26:34.336288+00:00,b5ec3eaa291cf02e20e5025b96d3bf48fd44e3435faf20d92871646c895f98e6,16540.869115999998,13.977734,19,0.002143,"0,0,0",,,16555.452,0,0,False,True,,False
stellar,frieren,Frieren: Beyond Journey’s End,anime,209867,1,2,empty,2026-10-02T15:26:42.844525+00:00,b5ec3eaa291cf02e20e5025b96d3bf48fd44e3435faf20d92871646c895f98e6,26633.549239,14.285078,14,0.00219,"0,0,0",,,26648.329,0,0,False,True,,False
rivestream,your-name,Your Name.,anime_movie,372058,,,empty,2026-10-02T15:26:48.360035+00:00,b5ec3eaa291cf02e20e5025b96d3bf48fd44e3435faf20d92871646c895f98e6,14009.059529,13.839901999999999,20,0.007642,"0,0,0",,,14023.726,0,0,False,True,,False
videasy,breaking-bad-s2,Breaking Bad,series,1396,2,1,empty,2026-10-02T15:26:56.700373+00:00,b5ec3eaa291cf02e20e5025b96d3bf48fd44e3435faf20d92871646c895f98e6,30014.611943,14.727906,14,0.007399,"0,0,0",,,30029.949,0,0,False,True,,False
cineby,boy-heron,The Boy and the Heron,anime_movie,508883,,,empty,2026-10-02T15:26:58.794336+00:00,b5ec3eaa291cf02e20e5025b96d3bf48fd44e3435faf20d92871646c895f98e6,30015.85716,14.643148,14,0.007252,"0,0,0",,,30031.125,0,0,False,True,,False
videasyto,twilight-zone,The Twilight Zone,series,6357,1,2,empty,2026-10-02T15:27:00.440230+00:00,b5ec3eaa291cf02e20e5025b96d3bf48fd44e3435faf20d92871646c895f98e6,32015.599129000002,15.41696,15,0.0022170000000000002,"0,0,0",,,32031.527,0,0,False,True,,False
rivestream,suzume,Suzume,anime_movie,916224,,,empty,2026-10-02T15:27:00.489477+00:00,b5ec3eaa291cf02e20e5025b96d3bf48fd44e3435faf20d92871646c895f98e6,12114.454792,14.317694000000001,21,0.0023049999999999998,"0,0,0",,,12129.412,0,0,False,True,,False
stellar,solo-leveling-s2,Solo Leveling,anime,127532,2,1,empty,2026-10-02T15:27:04.045044+00:00,b5ec3eaa291cf02e20e5025b96d3bf48fd44e3435faf20d92871646c895f98e6,21185.818093,14.032291,16,0.009247,"0,0,0",,,21200.502,0,0,False,True,,False
vidlink2,casablanca,Casablanca,movie,289,,,played,2026-10-02T15:26:59.349562+00:00,b5ec3eaa291cf02e20e5025b96d3bf48fd44e3435faf20d92871646c895f98e6,441.08404099999996,101.090538,2,0.018185999999999997,"0,0,0",6457.526578999999,723.389186,7892.708,3,1,True,True,,False
vidlink2,matrix,The Matrix,movie,603,,,played,2026-10-02T15:27:07.030044+00:00,b5ec3eaa291cf02e20e5025b96d3bf48fd44e3435faf20d92871646c895f98e6,305.865243,32.772821,2,0.006377,"0,0,0",1446.2000639999999,606.121377,2521.832,4,1,True,True,,False
rivestream,boy-heron,The Boy and the Heron,anime_movie,508883,,,empty,2026-10-02T15:27:10.027523+00:00,b5ec3eaa291cf02e20e5025b96d3bf48fd44e3435faf20d92871646c895f98e6,9523.934678,13.422697000000001,15,0.0072629999999999995,"0,0,0",,,9538.025,0,0,False,True,,False
vixsrc,casablanca,Casablanca,movie,289,,,decode_failed,2026-10-02T15:27:10.136112+00:00,b5ec3eaa291cf02e20e5025b96d3bf48fd44e3435faf20d92871646c895f98e6,0.19595100000000001,94.991733,0,0.018511,"0,0,0",,,569.768,1,1,False,True,,False
vixsrc,matrix,The Matrix,movie,603,,,decode_failed,2026-10-02T15:27:10.634996+00:00,b5ec3eaa291cf02e20e5025b96d3bf48fd44e3435faf20d92871646c895f98e6,0.287792,32.926404999999995,0,0.018016,"0,0,0",,,749.073,1,1,False,True,,False
vixsrc,inception,Inception,movie,27205,,,decode_failed,2026-10-02T15:27:11.384730+00:00,b5ec3eaa291cf02e20e5025b96d3bf48fd44e3435faf20d92871646c895f98e6,0.23513399999999998,33.587452,0,0.017787,"0,0,0",,,449.268,1,1,False,True,,False
vidlink2,inception,Inception,movie,27205,,,played,2026-10-02T15:27:09.566616+00:00,b5ec3eaa291cf02e20e5025b96d3bf48fd44e3435faf20d92871646c895f98e6,317.73409000000004,35.552265999999996,2,0.017733000000000002,"0,0,0",1427.163356,1041.2997329999998,2736.572,3,1,True,True,,False
vixsrc,dune-2,Dune: Part Two,movie,693134,,,decode_failed,2026-10-02T15:27:11.834065+00:00,b5ec3eaa291cf02e20e5025b96d3bf48fd44e3435faf20d92871646c895f98e6,0.25301799999999997,33.590435,0,0.019246,"0,0,0",,,449.403,1,1,False,True,,False
vixsrc,sinners,Sinners,movie,1233413,,,decode_failed,2026-10-02T15:27:12.282096+00:00,b5ec3eaa291cf02e20e5025b96d3bf48fd44e3435faf20d92871646c895f98e6,0.247213,32.494665,0,0.006082000000000001,"0,0,0",,,397.293,1,1,False,True,,False
vixsrc,twilight-zone,The Twilight Zone,series,6357,1,2,decode_failed,2026-10-02T15:27:12.679876+00:00,b5ec3eaa291cf02e20e5025b96d3bf48fd44e3435faf20d92871646c895f98e6,0.19014499999999998,32.936482000000005,0,0.005602,"0,0,0",,,448.26,1,1,False,True,,False
vixsrc,friends,Friends,series,1668,1,2,decode_failed,2026-10-02T15:27:13.129435+00:00,b5ec3eaa291cf02e20e5025b96d3bf48fd44e3435faf20d92871646c895f98e6,0.279183,34.040003,0,0.006306,"0,0,0",,,449.871,1,1,False,True,,False
vixsrc,breaking-bad-s2,Breaking Bad,series,1396,2,1,decode_failed,2026-10-02T15:27:13.578549+00:00,b5ec3eaa291cf02e20e5025b96d3bf48fd44e3435faf20d92871646c895f98e6,0.191819,33.352182,0,0.005759,"0,0,0",,,449.017,1,1,False,True,,False
vixsrc,severance-s2,Severance,series,95396,2,1,decode_failed,2026-10-02T15:27:14.027021+00:00,b5ec3eaa291cf02e20e5025b96d3bf48fd44e3435faf20d92871646c895f98e6,0.24190099999999998,32.659127000000005,0,0.019011,"0,0,0",,,448.473,1,1,False,True,,False
vidlink2,dune-2,Dune: Part Two,movie,693134,,,played,2026-10-02T15:27:12.281065+00:00,b5ec3eaa291cf02e20e5025b96d3bf48fd44e3435faf20d92871646c895f98e6,293.44654199999997,37.700535,2,0.017935,"0,0,0",1384.1420769999997,1086.954935,2614.045,2,1,True,True,,False
vixsrc,last-of-us-s2,The Last of Us,series,100088,2,1,decode_failed,2026-10-02T15:27:14.475860+00:00,b5ec3eaa291cf02e20e5025b96d3bf48fd44e3435faf20d92871646c895f98e6,0.24083700000000002,33.042088,0,0.018431,"0,0,0",,,448.64,1,1,False,True,,False
vixsrc,cowboy-bebop,Cowboy Bebop,anime,30991,1,2,empty,2026-10-02T15:27:14.924470+00:00,b5ec3eaa291cf02e20e5025b96d3bf48fd44e3435faf20d92871646c895f98e6,0.18556,33.204322000000005,0,0.002189,"0,0,0",,,33.731,0,0,False,True,,False
vixsrc,death-note,Death Note,anime,13916,1,2,empty,2026-10-02T15:27:14.957611+00:00,b5ec3eaa291cf02e20e5025b96d3bf48fd44e3435faf20d92871646c895f98e6,0.169038,32.548451,0,0.0070550000000000005,"0,0,0",,,33.133,0,0,False,True,,False
vixsrc,aot-s3,Attack on Titan,anime,1429,3,2,empty,2026-10-02T15:27:14.990952+00:00,b5ec3eaa291cf02e20e5025b96d3bf48fd44e3435faf20d92871646c895f98e6,0.157334,32.850902,0,0.002099,"0,0,0",,,33.311,0,0,False,True,,False
vixsrc,frieren,Frieren: Beyond Journey’s End,anime,209867,1,2,empty,2026-10-02T15:27:15.024380+00:00,b5ec3eaa291cf02e20e5025b96d3bf48fd44e3435faf20d92871646c895f98e6,0.192101,32.797975,0,0.007247,"0,0,0",,,33.424,0,0,False,True,,False
vixsrc,solo-leveling-s2,Solo Leveling,anime,127532,2,1,empty,2026-10-02T15:27:15.057573+00:00,b5ec3eaa291cf02e20e5025b96d3bf48fd44e3435faf20d92871646c895f98e6,0.181163,32.559942,0,0.007292,"0,0,0",,,33.155,0,0,False,True,,False
vixsrc,akira,Akira,anime_movie,149,,,empty,2026-10-02T15:27:15.090790+00:00,b5ec3eaa291cf02e20e5025b96d3bf48fd44e3435faf20d92871646c895f98e6,0.611855,32.186505,0,0.007189999999999999,"0,0,0",,,33.207,0,0,False,True,,False
vixsrc,spirited-away,Spirited Away,anime_movie,129,,,empty,2026-10-02T15:27:15.123876+00:00,b5ec3eaa291cf02e20e5025b96d3bf48fd44e3435faf20d92871646c895f98e6,0.20144299999999998,32.40021,0,0.007025,"0,0,0",,,33.067,0,0,False,True,,False
vixsrc,your-name,Your Name.,anime_movie,372058,,,empty,2026-10-02T15:27:15.157171+00:00,b5ec3eaa291cf02e20e5025b96d3bf48fd44e3435faf20d92871646c895f98e6,0.121588,32.754855,0,0.001911,"0,0,0",,,33.271,0,0,False,True,,False
vixsrc,suzume,Suzume,anime_movie,916224,,,empty,2026-10-02T15:27:15.190165+00:00,b5ec3eaa291cf02e20e5025b96d3bf48fd44e3435faf20d92871646c895f98e6,0.177031,32.410627,0,0.002799,"0,0,0",,,32.97,0,0,False,True,,False
vixsrc,boy-heron,The Boy and the Heron,anime_movie,508883,,,empty,2026-10-02T15:27:15.223184+00:00,b5ec3eaa291cf02e20e5025b96d3bf48fd44e3435faf20d92871646c895f98e6,0.131812,32.473420000000004,0,0.002611,"0,0,0",,,32.995,0,0,False,True,,False
vidlink2,sinners,Sinners,movie,1233413,,,played,2026-10-02T15:27:14.905299+00:00,b5ec3eaa291cf02e20e5025b96d3bf48fd44e3435faf20d92871646c895f98e6,308.663459,32.730709,2,0.00593,"0,0,0",1348.624168,1033.55193,2423.935,3,1,True,True,,False
zxcstream,casablanca,Casablanca,movie,289,,,empty,2026-10-02T15:27:16.997529+00:00,b5ec3eaa291cf02e20e5025b96d3bf48fd44e3435faf20d92871646c895f98e6,1664.780693,95.003811,15,0.007351,"0,0,0",,,1772.704,0,0,False,True,,False
zxcstream,matrix,The Matrix,movie,603,,,empty,2026-10-02T15:27:17.617857+00:00,b5ec3eaa291cf02e20e5025b96d3bf48fd44e3435faf20d92871646c895f98e6,577.088188,42.674723,15,0.019197,"0,0,0",,,620.313,0,0,False,True,,False
zxcstream,inception,Inception,movie,27205,,,empty,2026-10-02T15:27:18.087362+00:00,b5ec3eaa291cf02e20e5025b96d3bf48fd44e3435faf20d92871646c895f98e6,436.790724,32.154994,15,0.002164,"0,0,0",,,469.477,0,0,False,True,,False
zxcstream,dune-2,Dune: Part Two,movie,693134,,,empty,2026-10-02T15:27:18.574497+00:00,b5ec3eaa291cf02e20e5025b96d3bf48fd44e3435faf20d92871646c895f98e6,453.119801,33.393748,15,0.008009,"0,0,0",,,487.117,0,0,False,True,,False
zxcstream,sinners,Sinners,movie,1233413,,,empty,2026-10-02T15:27:19.058881+00:00,b5ec3eaa291cf02e20e5025b96d3bf48fd44e3435faf20d92871646c895f98e6,451.738717,32.106319,15,0.0074329999999999995,"0,0,0",,,484.36,0,0,False,True,,False
zxcstream,twilight-zone,The Twilight Zone,series,6357,1,2,empty,2026-10-02T15:27:19.412805+00:00,b5ec3eaa291cf02e20e5025b96d3bf48fd44e3435faf20d92871646c895f98e6,320.4337,32.611723000000005,15,0.002538,"0,0,0",,,353.908,0,0,False,True,,False
zxcstream,friends,Friends,series,1668,1,2,empty,2026-10-02T15:27:19.769421+00:00,b5ec3eaa291cf02e20e5025b96d3bf48fd44e3435faf20d92871646c895f98e6,323.664946,32.315138,15,0.00761,"0,0,0",,,356.613,0,0,False,True,,False
vidlink2,twilight-zone,The Twilight Zone,series,6357,1,2,empty,2026-10-02T15:27:19.845864+00:00,b5ec3eaa291cf02e20e5025b96d3bf48fd44e3435faf20d92871646c895f98e6,2814.226652,43.767369,2,0.008111,"0,0,0",,,2858.566,0,0,False,True,,False
zxcstream,breaking-bad-s2,Breaking Bad,series,1396,2,1,empty,2026-10-02T15:27:20.151351+00:00,b5ec3eaa291cf02e20e5025b96d3bf48fd44e3435faf20d92871646c895f98e6,348.76900700000004,32.482654,15,0.007677,"0,0,0",,,381.902,0,0,False,True,,False
zxcstream,severance-s2,Severance,series,95396,2,1,empty,2026-10-02T15:27:20.503762+00:00,b5ec3eaa291cf02e20e5025b96d3bf48fd44e3435faf20d92871646c895f98e6,319.109839,32.705555,15,0.002976,"0,0,0",,,352.383,0,0,False,True,,False
zxcstream,last-of-us-s2,The Last of Us,series,100088,2,1,empty,2026-10-02T15:27:20.877551+00:00,b5ec3eaa291cf02e20e5025b96d3bf48fd44e3435faf20d92871646c895f98e6,340.92713299999997,32.252379999999995,15,0.007723000000000001,"0,0,0",,,373.759,0,0,False,True,,False
zxcstream,cowboy-bebop,Cowboy Bebop,anime,30991,1,2,empty,2026-10-02T15:27:21.252463+00:00,b5ec3eaa291cf02e20e5025b96d3bf48fd44e3435faf20d92871646c895f98e6,341.87148499999995,32.388763000000004,15,0.007531,"0,0,0",,,374.9,0,0,False,True,,False
zxcstream,death-note,Death Note,anime,13916,1,2,empty,2026-10-02T15:27:21.614927+00:00,b5ec3eaa291cf02e20e5025b96d3bf48fd44e3435faf20d92871646c895f98e6,329.738698,32.203824,15,0.002556,"0,0,0",,,362.434,0,0,False,True,,False
zxcstream,aot-s3,Attack on Titan,anime,1429,3,2,empty,2026-10-02T15:27:21.971279+00:00,b5ec3eaa291cf02e20e5025b96d3bf48fd44e3435faf20d92871646c895f98e6,322.729336,32.891245,15,0.008309,"0,0,0",,,356.328,0,0,False,True,,False
vidlink2,friends,Friends,series,1668,1,2,played,2026-10-02T15:27:20.200434+00:00,b5ec3eaa291cf02e20e5025b96d3bf48fd44e3435faf20d92871646c895f98e6,320.783214,33.175723999999995,2,0.005864,"0,0,0",1168.825938,807.684864,2386.599,3,1,True,True,,False
zxcstream,frieren,Frieren: Beyond Journey’s End,anime,209867,1,2,empty,2026-10-02T15:27:22.334392+00:00,b5ec3eaa291cf02e20e5025b96d3bf48fd44e3435faf20d92871646c895f98e6,329.490562,33.038751999999995,15,0.0022429999999999998,"0,0,0",,,363.09,0,0,False,True,,False
zxcstream,solo-leveling-s2,Solo Leveling,anime,127532,2,1,empty,2026-10-02T15:27:22.707332+00:00,b5ec3eaa291cf02e20e5025b96d3bf48fd44e3435faf20d92871646c895f98e6,339.85176099999995,32.462907,15,0.0075959999999999995,"0,0,0",,,372.904,0,0,False,True,,False
zxcstream,akira,Akira,anime_movie,149,,,empty,2026-10-02T15:27:23.068373+00:00,b5ec3eaa291cf02e20e5025b96d3bf48fd44e3435faf20d92871646c895f98e6,328.000301,32.506806,15,0.007228999999999999,"0,0,0",,,361.013,0,0,False,True,,False
zxcstream,spirited-away,Spirited Away,anime_movie,129,,,empty,2026-10-02T15:27:23.429732+00:00,b5ec3eaa291cf02e20e5025b96d3bf48fd44e3435faf20d92871646c895f98e6,328.54418899999996,32.169544,15,0.007228999999999999,"0,0,0",,,361.35,0,0,False,True,,False
zxcstream,your-name,Your Name.,anime_movie,372058,,,empty,2026-10-02T15:27:23.804092+00:00,b5ec3eaa291cf02e20e5025b96d3bf48fd44e3435faf20d92871646c895f98e6,341.62212400000004,32.078724,15,0.007582,"0,0,0",,,374.334,0,0,False,True,,False
zxcstream,suzume,Suzume,anime_movie,916224,,,empty,2026-10-02T15:27:24.181869+00:00,b5ec3eaa291cf02e20e5025b96d3bf48fd44e3435faf20d92871646c895f98e6,344.800646,32.347443,15,0.007532,"0,0,0",,,377.754,0,0,False,True,,False
zxcstream,boy-heron,The Boy and the Heron,anime_movie,508883,,,empty,2026-10-02T15:27:24.555603+00:00,b5ec3eaa291cf02e20e5025b96d3bf48fd44e3435faf20d92871646c895f98e6,340.719265,32.438929,15,0.007241,"0,0,0",,,373.705,0,0,False,True,,False
vidlink2,breaking-bad-s2,Breaking Bad,series,1396,2,1,played,2026-10-02T15:27:22.565756+00:00,b5ec3eaa291cf02e20e5025b96d3bf48fd44e3435faf20d92871646c895f98e6,298.346881,34.156209,2,0.018968,"0,0,0",1410.5270899999998,892.899968,2766.1,4,1,True,True,,False
stellar,akira,Akira,anime_movie,149,,,empty,2026-10-02T15:27:26.345692+00:00,b5ec3eaa291cf02e20e5025b96d3bf48fd44e3435faf20d92871646c895f98e6,22285.614472999998,14.387504,16,0.00191,"0,0,0",,,22300.623,0,0,False,True,,False
videasy,severance-s2,Severance,series,95396,2,1,empty,2026-10-02T15:27:26.731055+00:00,b5ec3eaa291cf02e20e5025b96d3bf48fd44e3435faf20d92871646c895f98e6,30014.81777,15.405748,6,0.007432,"0,0,0",,,30030.646,0,0,False,True,,False
vidlink2,severance-s2,Severance,series,95396,2,1,played,2026-10-02T15:27:25.349593+00:00,b5ec3eaa291cf02e20e5025b96d3bf48fd44e3435faf20d92871646c895f98e6,317.431902,32.789576000000004,2,0.018486,"0,0,0",1829.087478,880.1854860000001,2884.401,4,1,True,True,,False
vidlink2,last-of-us-s2,The Last of Us,series,100088,2,1,played,2026-10-02T15:27:28.234031+00:00,b5ec3eaa291cf02e20e5025b96d3bf48fd44e3435faf20d92871646c895f98e6,317.27261699999997,32.955062,2,0.018681,"0,0,0",1371.804679,576.9396810000001,2332.815,3,1,True,True,,False
vidlink2,cowboy-bebop,Cowboy Bebop,anime,30991,1,2,empty,2026-10-02T15:27:31.681367+00:00,b5ec3eaa291cf02e20e5025b96d3bf48fd44e3435faf20d92871646c895f98e6,1428.405204,36.488247,2,0.002165,"0,0,0",,,1465.375,0,0,False,True,,False
videasyto,friends,Friends,series,1668,1,2,empty,2026-10-02T15:27:32.472370+00:00,b5ec3eaa291cf02e20e5025b96d3bf48fd44e3435faf20d92871646c895f98e6,32016.577554,14.923879,18,0.014502,"0,0,0",,,32032.12,0,0,False,True,,False
vidlink2,death-note,Death Note,anime,13916,1,2,empty,2026-10-02T15:27:32.766469+00:00,b5ec3eaa291cf02e20e5025b96d3bf48fd44e3435faf20d92871646c895f98e6,1051.897726,32.775262,2,0.002339,"0,0,0",,,1085.087,0,0,False,True,,False
vidlink2,aot-s3,Attack on Titan,anime,1429,3,2,empty,2026-10-02T15:27:33.143179+00:00,b5ec3eaa291cf02e20e5025b96d3bf48fd44e3435faf20d92871646c895f98e6,343.223144,33.040011,2,0.007418999999999999,"0,0,0",,,376.673,0,0,False,True,,False
vidlink2,frieren,Frieren: Beyond Journey’s End,anime,209867,1,2,empty,2026-10-02T15:27:33.508498+00:00,b5ec3eaa291cf02e20e5025b96d3bf48fd44e3435faf20d92871646c895f98e6,331.77264699999995,33.03285,2,0.007382,"0,0,0",,,365.313,0,0,False,True,,False
vidlink2,solo-leveling-s2,Solo Leveling,anime,127532,2,1,empty,2026-10-02T15:27:34.004269+00:00,b5ec3eaa291cf02e20e5025b96d3bf48fd44e3435faf20d92871646c895f98e6,462.678119,32.599441999999996,2,0.002564,"0,0,0",,,495.748,0,0,False,True,,False
stellar,spirited-away,Spirited Away,anime_movie,129,,,empty,2026-10-02T15:27:34.202243+00:00,b5ec3eaa291cf02e20e5025b96d3bf48fd44e3435faf20d92871646c895f98e6,7841.534949,14.379139,17,0.002038,"0,0,0",,,7856.524,0,0,False,True,,False
vidlink2,akira,Akira,anime_movie,149,,,empty,2026-10-02T15:27:35.354415+00:00,b5ec3eaa291cf02e20e5025b96d3bf48fd44e3435faf20d92871646c895f98e6,1314.405721,35.187745,2,0.007121,"0,0,0",,,1350.127,0,0,False,True,,False
vidlink2,spirited-away,Spirited Away,anime_movie,129,,,empty,2026-10-02T15:27:35.866994+00:00,b5ec3eaa291cf02e20e5025b96d3bf48fd44e3435faf20d92871646c895f98e6,479.464541,32.585795,2,0.007662,"0,0,0",,,512.554,0,0,False,True,,False
vidlink2,your-name,Your Name.,anime_movie,372058,,,empty,2026-10-02T15:27:36.199951+00:00,b5ec3eaa291cf02e20e5025b96d3bf48fd44e3435faf20d92871646c895f98e6,299.62098799999995,32.817428,2,0.007430999999999999,"0,0,0",,,332.931,0,0,False,True,,False
vidlink2,suzume,Suzume,anime_movie,916224,,,empty,2026-10-02T15:27:36.535185+00:00,b5ec3eaa291cf02e20e5025b96d3bf48fd44e3435faf20d92871646c895f98e6,302.22063199999997,32.544670999999994,2,0.002221,"0,0,0",,,335.21,0,0,False,True,,False
vidlink2,boy-heron,The Boy and the Heron,anime_movie,508883,,,empty,2026-10-02T15:27:36.724508+00:00,b5ec3eaa291cf02e20e5025b96d3bf48fd44e3435faf20d92871646c895f98e6,156.016413,32.78794,2,0.00745,"0,0,0",,,189.292,0,0,False,True,,False
videasy,last-of-us-s2,The Last of Us,series,100088,2,1,empty,2026-10-02T15:27:56.761406+00:00,b5ec3eaa291cf02e20e5025b96d3bf48fd44e3435faf20d92871646c895f98e6,30015.379211,14.39776,15,0.0074919999999999995,"0,0,0",,,30030.348,0,0,False,True,,False
stellar,your-name,Your Name.,anime_movie,372058,,,empty,2026-10-02T15:27:57.556424+00:00,b5ec3eaa291cf02e20e5025b96d3bf48fd44e3435faf20d92871646c895f98e6,23339.368902000002,14.245389000000001,16,0.002418,"0,0,0",,,23354.153,0,0,False,True,,False
videasyto,breaking-bad-s2,Breaking Bad,series,1396,2,1,empty,2026-10-02T15:28:04.504395+00:00,b5ec3eaa291cf02e20e5025b96d3bf48fd44e3435faf20d92871646c895f98e6,32016.145069,15.216758,17,0.007488,"0,0,0",,,32032.0,0,0,False,True,,False
stellar,suzume,Suzume,anime_movie,916224,,,empty,2026-10-02T15:28:22.420721+00:00,b5ec3eaa291cf02e20e5025b96d3bf48fd44e3435faf20d92871646c895f98e6,24849.416451,14.104019000000001,16,0.007123,"0,0,0",,,24864.284,0,0,False,True,,False
videasy,cowboy-bebop,Cowboy Bebop,anime,30991,1,2,empty,2026-10-02T15:28:26.791197+00:00,b5ec3eaa291cf02e20e5025b96d3bf48fd44e3435faf20d92871646c895f98e6,30014.752384,14.518922,17,0.002309,"0,0,0",,,30029.759,0,0,False,True,,False
videasyto,severance-s2,Severance,series,95396,2,1,empty,2026-10-02T15:28:36.536435+00:00,b5ec3eaa291cf02e20e5025b96d3bf48fd44e3435faf20d92871646c895f98e6,32016.057334,15.4021,11,0.0072180000000000005,"0,0,0",,,32032.006,0,0,False,True,,False
stellar,boy-heron,The Boy and the Heron,anime_movie,508883,,,empty,2026-10-02T15:28:44.729628+00:00,b5ec3eaa291cf02e20e5025b96d3bf48fd44e3435faf20d92871646c895f98e6,22293.556709,14.549371,16,0.006849,"0,0,0",,,22308.882,0,0,False,True,,False
videasy,death-note,Death Note,anime,13916,1,2,empty,2026-10-02T15:28:56.821813+00:00,b5ec3eaa291cf02e20e5025b96d3bf48fd44e3435faf20d92871646c895f98e6,30015.876387,14.179183,15,0.0022199999999999998,"0,0,0",,,30030.598,0,0,False,True,,False
videasyto,last-of-us-s2,The Last of Us,series,100088,2,1,empty,2026-10-02T15:29:08.568043+00:00,b5ec3eaa291cf02e20e5025b96d3bf48fd44e3435faf20d92871646c895f98e6,32016.01598,15.122808999999998,12,0.002264,"0,0,0",,,32031.587,0,0,False,True,,False
videasy,aot-s3,Attack on Titan,anime,1429,3,2,empty,2026-10-02T15:29:26.852168+00:00,b5ec3eaa291cf02e20e5025b96d3bf48fd44e3435faf20d92871646c895f98e6,30014.891519,14.952694000000001,15,0.002161,"0,0,0",,,30030.33,0,0,False,True,,False
videasyto,cowboy-bebop,Cowboy Bebop,anime,30991,1,2,empty,2026-10-02T15:29:40.600360+00:00,b5ec3eaa291cf02e20e5025b96d3bf48fd44e3435faf20d92871646c895f98e6,32016.822353000003,14.981778,20,0.002349,"0,0,0",,,32032.295,0,0,False,True,,False
videasy,frieren,Frieren: Beyond Journey’s End,anime,209867,1,2,empty,2026-10-02T15:29:56.882250+00:00,b5ec3eaa291cf02e20e5025b96d3bf48fd44e3435faf20d92871646c895f98e6,30014.907311000003,14.649392,18,0.0028179999999999998,"0,0,0",,,30030.052,0,0,False,True,,False
videasyto,death-note,Death Note,anime,13916,1,2,empty,2026-10-02T15:30:12.632772+00:00,b5ec3eaa291cf02e20e5025b96d3bf48fd44e3435faf20d92871646c895f98e6,32016.94706,14.864725,18,0.007374,"0,0,0",,,32032.393,0,0,False,True,,False
videasy,solo-leveling-s2,Solo Leveling,anime,127532,2,1,empty,2026-10-02T15:30:26.912666+00:00,b5ec3eaa291cf02e20e5025b96d3bf48fd44e3435faf20d92871646c895f98e6,30015.09939,14.781943,17,0.0019920000000000003,"0,0,0",,,30030.41,0,0,False,True,,False
videasyto,aot-s3,Attack on Titan,anime,1429,3,2,empty,2026-10-02T15:30:44.665348+00:00,b5ec3eaa291cf02e20e5025b96d3bf48fd44e3435faf20d92871646c895f98e6,32016.096165999996,15.842779000000002,17,0.007552,"0,0,0",,,32032.555,0,0,False,True,,False
videasy,akira,Akira,anime_movie,149,,,empty,2026-10-02T15:30:56.942375+00:00,b5ec3eaa291cf02e20e5025b96d3bf48fd44e3435faf20d92871646c895f98e6,30015.080819000003,13.964407,20,0.007166,"0,0,0",,,30029.679,0,0,False,True,,False
videasyto,frieren,Frieren: Beyond Journey’s End,anime,209867,1,2,empty,2026-10-02T15:31:16.696344+00:00,b5ec3eaa291cf02e20e5025b96d3bf48fd44e3435faf20d92871646c895f98e6,32015.638097,14.742187,17,0.008146,"0,0,0",,,32030.973,0,0,False,True,,False
videasy,spirited-away,Spirited Away,anime_movie,129,,,empty,2026-10-02T15:31:26.972772+00:00,b5ec3eaa291cf02e20e5025b96d3bf48fd44e3435faf20d92871646c895f98e6,30015.383674999997,14.488895999999999,11,0.0018989999999999999,"0,0,0",,,30030.364,0,0,False,True,,False
videasyto,solo-leveling-s2,Solo Leveling,anime,127532,2,1,empty,2026-10-02T15:31:48.728717+00:00,b5ec3eaa291cf02e20e5025b96d3bf48fd44e3435faf20d92871646c895f98e6,32016.679637,15.183807,16,0.00226,"0,0,0",,,32032.348,0,0,False,True,,False
videasy,your-name,Your Name.,anime_movie,372058,,,empty,2026-10-02T15:31:57.002998+00:00,b5ec3eaa291cf02e20e5025b96d3bf48fd44e3435faf20d92871646c895f98e6,30014.976655000002,14.689674,12,0.007136,"0,0,0",,,30030.218,0,0,False,True,,False
videasyto,akira,Akira,anime_movie,149,,,empty,2026-10-02T15:32:20.759868+00:00,b5ec3eaa291cf02e20e5025b96d3bf48fd44e3435faf20d92871646c895f98e6,32015.94825,14.594028999999999,15,0.007430999999999999,"0,0,0",,,32031.125,0,0,False,True,,False
videasy,suzume,Suzume,anime_movie,916224,,,empty,2026-10-02T15:32:27.032145+00:00,b5ec3eaa291cf02e20e5025b96d3bf48fd44e3435faf20d92871646c895f98e6,30014.274891,14.370373,20,0.00249,"0,0,0",,,30029.123,0,0,False,True,,False
videasyto,spirited-away,Spirited Away,anime_movie,129,,,empty,2026-10-02T15:32:52.791142+00:00,b5ec3eaa291cf02e20e5025b96d3bf48fd44e3435faf20d92871646c895f98e6,32016.249116,14.5407,17,0.002126,"0,0,0",,,32031.252,0,0,False,True,,False
videasy,boy-heron,The Boy and the Heron,anime_movie,508883,,,empty,2026-10-02T15:32:57.063515+00:00,b5ec3eaa291cf02e20e5025b96d3bf48fd44e3435faf20d92871646c895f98e6,30016.752953,14.11229,20,0.002018,"0,0,0",,,30031.349,0,0,False,True,,False
videasyto,your-name,Your Name.,anime_movie,372058,,,empty,2026-10-02T15:33:24.822701+00:00,b5ec3eaa291cf02e20e5025b96d3bf48fd44e3435faf20d92871646c895f98e6,32015.782627999997,15.018425,29,0.007232000000000001,"0,0,0",,,32031.54,0,0,False,True,,False
videasyto,suzume,Suzume,anime_movie,916224,,,empty,2026-10-02T15:33:56.855133+00:00,b5ec3eaa291cf02e20e5025b96d3bf48fd44e3435faf20d92871646c895f98e6,32016.951198000002,14.843801000000001,27,0.002313,"0,0,0",,,32032.408,0,0,False,True,,False
videasyto,boy-heron,The Boy and the Heron,anime_movie,508883,,,empty,2026-10-02T15:34:28.887951+00:00,b5ec3eaa291cf02e20e5025b96d3bf48fd44e3435faf20d92871646c895f98e6,32016.727197,15.430597,23,0.007655,"0,0,0",,,32032.793,0,0,False,True,,False
animegg,casablanca,Casablanca,movie,289,,,empty,2026-10-02T15:37:30.737545+00:00,5f975ae378638ac7116ad79bef470b6538fd776bc7124c99b21e3611d43ab35a,1655.164834,49.587025,5,0.001953,"0,0,0",,,1711.589,0,0,False,True,,False
animeflix,casablanca,Casablanca,movie,289,,,empty,2026-10-02T15:37:31.309105+00:00,5f975ae378638ac7116ad79bef470b6538fd776bc7124c99b21e3611d43ab35a,2228.223489,46.516707,7,0.002258,"0,0,0",,,2283.818,0,0,False,True,,False
anikage,casablanca,Casablanca,movie,289,,,wrong_catalog,2026-10-02T15:37:30.666101+00:00,5f975ae378638ac7116ad79bef470b6538fd776bc7124c99b21e3611d43ab35a,1585.130071,48.501526000000005,7,0.005254,"0,0,0",,,2406.955,1,1,False,True,,False
anikage,matrix,The Matrix,movie,603,,,empty,2026-10-02T15:37:31.885297+00:00,5f975ae378638ac7116ad79bef470b6538fd776bc7124c99b21e3611d43ab35a,438.64782,14.37144,4,0.0018059999999999999,"0,0,0",,,453.343,0,0,False,True,,False
anikage,inception,Inception,movie,27205,,,empty,2026-10-02T15:37:32.353201+00:00,5f975ae378638ac7116ad79bef470b6538fd776bc7124c99b21e3611d43ab35a,452.672865,14.836311,4,0.002402,"0,0,0",,,467.9,0,0,False,True,,False
animegg,matrix,The Matrix,movie,603,,,empty,2026-10-02T15:37:32.984211+00:00,5f975ae378638ac7116ad79bef470b6538fd776bc7124c99b21e3611d43ab35a,2231.5491930000003,14.783133000000001,10,0.00208,"0,0,0",,,2246.645,0,0,False,True,,False
anikage,dune-2,Dune: Part Two,movie,693134,,,empty,2026-10-02T15:37:33.212335+00:00,5f975ae378638ac7116ad79bef470b6538fd776bc7124c99b21e3611d43ab35a,844.3124210000001,14.465766,6,0.0019549999999999997,"0,0,0",,,859.101,0,0,False,True,,False
anikage,sinners,Sinners,movie,1233413,,,empty,2026-10-02T15:37:34.606983+00:00,5f975ae378638ac7116ad79bef470b6538fd776bc7124c99b21e3611d43ab35a,1380.372553,13.889256000000001,8,0.0020080000000000002,"0,0,0",,,1394.641,0,0,False,True,,False
animeflix,matrix,The Matrix,movie,603,,,empty,2026-10-02T15:37:34.846370+00:00,5f975ae378638ac7116ad79bef470b6538fd776bc7124c99b21e3611d43ab35a,3521.987606,14.930954999999999,13,0.002396,"0,0,0",,,3537.246,0,0,False,True,,False
anikage,twilight-zone,The Twilight Zone,series,6357,1,2,empty,2026-10-02T15:37:35.148068+00:00,5f975ae378638ac7116ad79bef470b6538fd776bc7124c99b21e3611d43ab35a,526.646618,14.05529,4,0.002107,"0,0,0",,,541.059,0,0,False,True,,False
allwish,casablanca,Casablanca,movie,289,,,wrong_catalog,2026-10-02T15:37:31.103173+00:00,5f975ae378638ac7116ad79bef470b6538fd776bc7124c99b21e3611d43ab35a,2023.1963519999997,47.422346999999995,11,0.004959,"0,0,0",3290.897699,1199.9159590000002,6477.945,1,1,False,True,,False
animeflix,inception,Inception,movie,27205,,,empty,2026-10-02T15:37:36.167589+00:00,5f975ae378638ac7116ad79bef470b6538fd776bc7124c99b21e3611d43ab35a,1306.349942,14.528262999999999,6,0.0023309999999999997,"0,0,0",,,1321.201,0,0,False,True,,False
anikage,friends,Friends,series,1668,1,2,empty,2026-10-02T15:37:36.672038+00:00,5f975ae378638ac7116ad79bef470b6538fd776bc7124c99b21e3611d43ab35a,1509.434974,14.094308,8,0.0031149999999999997,"0,0,0",,,1523.96,0,0,False,True,,False
anikoto,casablanca,Casablanca,movie,289,,,wrong_catalog,2026-10-02T15:37:31.429276+00:00,5f975ae378638ac7116ad79bef470b6538fd776bc7124c99b21e3611d43ab35a,2347.693264,49.075783,19,0.006053,"0,0,0",4725.364046999999,1348.745053,8095.446,3,1,False,True,,False
anikoto,matrix,The Matrix,movie,603,,,empty,2026-10-02T15:37:37.466857+00:00,5f975ae378638ac7116ad79bef470b6538fd776bc7124c99b21e3611d43ab35a,331.428785,15.336395,4,0.002182,"0,0,0",,,347.202,0,0,False,True,,False
anikoto,inception,Inception,movie,27205,,,empty,2026-10-02T15:37:37.736870+00:00,5f975ae378638ac7116ad79bef470b6538fd776bc7124c99b21e3611d43ab35a,255.28548899999998,14.339667,3,0.002016,"0,0,0",,,269.992,0,0,False,True,,False
animeflix,dune-2,Dune: Part Two,movie,693134,,,empty,2026-10-02T15:37:38.058587+00:00,5f975ae378638ac7116ad79bef470b6538fd776bc7124c99b21e3611d43ab35a,1876.010884,14.636323999999998,8,0.0023350000000000003,"0,0,0",,,1890.984,0,0,False,True,,False
anikoto,dune-2,Dune: Part Two,movie,693134,,,empty,2026-10-02T15:37:38.190357+00:00,5f975ae378638ac7116ad79bef470b6538fd776bc7124c99b21e3611d43ab35a,438.476922,14.57171,4,0.002401,"0,0,0",,,453.484,0,0,False,True,,False
anikoto,sinners,Sinners,movie,1233413,,,empty,2026-10-02T15:37:38.474248+00:00,5f975ae378638ac7116ad79bef470b6538fd776bc7124c99b21e3611d43ab35a,268.80831700000005,14.649232999999999,3,0.0019850000000000002,"0,0,0",,,283.855,0,0,False,True,,False
anikoto,twilight-zone,The Twilight Zone,series,6357,1,2,empty,2026-10-02T15:37:38.722415+00:00,5f975ae378638ac7116ad79bef470b6538fd776bc7124c99b21e3611d43ab35a,233.247201,14.482871,3,0.002283,"0,0,0",,,248.174,0,0,False,True,,False
anikoto,friends,Friends,series,1668,1,2,empty,2026-10-02T15:37:38.971171+00:00,5f975ae378638ac7116ad79bef470b6538fd776bc7124c99b21e3611d43ab35a,233.847915,14.45748,3,0.002167,"0,0,0",,,248.698,0,0,False,True,,False
anikoto,breaking-bad-s2,Breaking Bad,series,1396,2,1,empty,2026-10-02T15:37:39.212974+00:00,5f975ae378638ac7116ad79bef470b6538fd776bc7124c99b21e3611d43ab35a,227.11212799999998,14.293467000000001,3,0.0021809999999999998,"0,0,0",,,241.796,0,0,False,True,,False
animeflix,sinners,Sinners,movie,1233413,,,empty,2026-10-02T15:37:39.350732+00:00,5f975ae378638ac7116ad79bef470b6538fd776bc7124c99b21e3611d43ab35a,1277.235925,14.550697,6,0.002208,"0,0,0",,,1292.134,0,0,False,True,,False
anikoto,severance-s2,Severance,series,95396,2,1,empty,2026-10-02T15:37:39.442875+00:00,5f975ae378638ac7116ad79bef470b6538fd776bc7124c99b21e3611d43ab35a,215.104053,14.423359999999999,3,0.002047,"0,0,0",,,229.878,0,0,False,True,,False
anikoto,last-of-us-s2,The Last of Us,series,100088,2,1,empty,2026-10-02T15:37:39.712764+00:00,5f975ae378638ac7116ad79bef470b6538fd776bc7124c99b21e3611d43ab35a,254.97578900000002,14.481657,3,0.00217,"0,0,0",,,269.87,0,0,False,True,,False
anikage,breaking-bad-s2,Breaking Bad,series,1396,2,1,empty,2026-10-02T15:37:40.415138+00:00,5f975ae378638ac7116ad79bef470b6538fd776bc7124c99b21e3611d43ab35a,3726.938675,15.823031000000002,4,0.0019549999999999997,"0,0,0",,,3743.072,0,0,False,True,,False
animeflix,twilight-zone,The Twilight Zone,series,6357,1,2,empty,2026-10-02T15:37:40.610298+00:00,5f975ae378638ac7116ad79bef470b6538fd776bc7124c99b21e3611d43ab35a,1244.329824,14.845287,6,0.002152,"0,0,0",,,1259.548,0,0,False,True,,False
anikage,severance-s2,Severance,series,95396,2,1,empty,2026-10-02T15:37:40.970611+00:00,5f975ae378638ac7116ad79bef470b6538fd776bc7124c99b21e3611d43ab35a,541.039714,14.122351,4,0.002082,"0,0,0",,,555.457,0,0,False,True,,False
anikage,last-of-us-s2,The Last of Us,series,100088,2,1,empty,2026-10-02T15:37:41.465864+00:00,5f975ae378638ac7116ad79bef470b6538fd776bc7124c99b21e3611d43ab35a,481.085603,13.81481,4,0.0024219999999999997,"0,0,0",,,495.247,0,0,False,True,,False
animeflix,friends,Friends,series,1668,1,2,empty,2026-10-02T15:37:42.116231+00:00,5f975ae378638ac7116ad79bef470b6538fd776bc7124c99b21e3611d43ab35a,1490.4137689999998,15.175809000000001,6,0.002316,"0,0,0",,,1505.92,0,0,False,True,,False
anidoor,casablanca,Casablanca,movie,289,,,wrong_catalog,2026-10-02T15:37:35.394295+00:00,5f975ae378638ac7116ad79bef470b6538fd776bc7124c99b21e3611d43ab35a,6279.022698000001,81.575337,30,0.005638,"0,0,0",9462.472035,1453.6576380000001,14246.524,1,1,False,True,,False
animeflix,breaking-bad-s2,Breaking Bad,series,1396,2,1,empty,2026-10-02T15:37:43.359115+00:00,5f975ae378638ac7116ad79bef470b6538fd776bc7124c99b21e3611d43ab35a,1227.780483,14.73752,6,0.0024980000000000002,"0,0,0",,,1242.88,0,0,False,True,,False
anidoor,matrix,The Matrix,movie,603,,,empty,2026-10-02T15:37:43.972853+00:00,5f975ae378638ac7116ad79bef470b6538fd776bc7124c99b21e3611d43ab35a,685.800222,14.712462,5,0.006904,"0,0,0",,,700.907,0,0,False,True,,False
anidoor,inception,Inception,movie,27205,,,empty,2026-10-02T15:37:44.342607+00:00,5f975ae378638ac7116ad79bef470b6538fd776bc7124c99b21e3611d43ab35a,354.459228,14.910102,5,0.002124,"0,0,0",,,369.743,0,0,False,True,,False
anidoor,dune-2,Dune: Part Two,movie,693134,,,empty,2026-10-02T15:37:44.726030+00:00,5f975ae378638ac7116ad79bef470b6538fd776bc7124c99b21e3611d43ab35a,368.71468699999997,14.330261,5,0.0067220000000000005,"0,0,0",,,383.395,0,0,False,True,,False
animeflix,severance-s2,Severance,series,95396,2,1,empty,2026-10-02T15:37:44.913641+00:00,5f975ae378638ac7116ad79bef470b6538fd776bc7124c99b21e3611d43ab35a,1536.199267,17.935404,6,0.002376,"0,0,0",,,1554.491,0,0,False,True,,False
anidoor,sinners,Sinners,movie,1233413,,,empty,2026-10-02T15:37:45.079972+00:00,5f975ae378638ac7116ad79bef470b6538fd776bc7124c99b21e3611d43ab35a,338.99833,14.633597,5,0.0022199999999999998,"0,0,0",,,353.929,0,0,False,True,,False
anidoor,twilight-zone,The Twilight Zone,series,6357,1,2,empty,2026-10-02T15:37:45.447061+00:00,5f975ae378638ac7116ad79bef470b6538fd776bc7124c99b21e3611d43ab35a,352.051768,14.748149,5,0.002223,"0,0,0",,,367.072,0,0,False,True,,False
anikage,cowboy-bebop,Cowboy Bebop,anime,30991,1,2,played,2026-10-02T15:37:42.648472+00:00,5f975ae378638ac7116ad79bef470b6538fd776bc7124c99b21e3611d43ab35a,1168.1746719999999,13.988014,8,0.005587,"0,0,0",2957.451686,978.784587,4079.415,2,2,True,True,eng,False
anidoor,friends,Friends,series,1668,1,2,empty,2026-10-02T15:37:45.804834+00:00,5f975ae378638ac7116ad79bef470b6538fd776bc7124c99b21e3611d43ab35a,342.236583,15.197605,5,0.002104,"0,0,0",,,357.759,0,0,False,True,,False
allwish,matrix,The Matrix,movie,603,,,wrong_catalog,2026-10-02T15:37:38.081481+00:00,5f975ae378638ac7116ad79bef470b6538fd776bc7124c99b21e3611d43ab35a,2564.415913,13.482336,11,0.005272,"0,0,0",5791.777249,2489.1182719999997,10487.076,1,1,False,True,,False
anidoor,breaking-bad-s2,Breaking Bad,series,1396,2,1,empty,2026-10-02T15:37:46.162486+00:00,5f975ae378638ac7116ad79bef470b6538fd776bc7124c99b21e3611d43ab35a,343.0359,14.248956,5,0.007142000000000001,"0,0,0",,,357.64,0,0,False,True,,False
animeflix,last-of-us-s2,The Last of Us,series,100088,2,1,empty,2026-10-02T15:37:46.407137+00:00,5f975ae378638ac7116ad79bef470b6538fd776bc7124c99b21e3611d43ab35a,1478.491591,14.652303999999999,6,0.002106,"0,0,0",,,1493.48,0,0,False,True,,False
allwish,inception,Inception,movie,27205,,,empty,2026-10-02T15:37:46.440115+00:00,5f975ae378638ac7116ad79bef470b6538fd776bc7124c99b21e3611d43ab35a,435.808404,13.814093,3,0.0021449999999999998,"0,0,0",,,449.941,0,0,False,True,,False
anidoor,severance-s2,Severance,series,95396,2,1,empty,2026-10-02T15:37:46.554977+00:00,5f975ae378638ac7116ad79bef470b6538fd776bc7124c99b21e3611d43ab35a,377.800769,14.30651,5,0.007014,"0,0,0",,,392.476,0,0,False,True,,False
allwish,dune-2,Dune: Part Two,movie,693134,,,empty,2026-10-02T15:37:46.854440+00:00,5f975ae378638ac7116ad79bef470b6538fd776bc7124c99b21e3611d43ab35a,400.272063,13.709021,4,0.002049,"0,0,0",,,414.311,0,0,False,True,,False
anidoor,last-of-us-s2,The Last of Us,series,100088,2,1,empty,2026-10-02T15:37:46.944164+00:00,5f975ae378638ac7116ad79bef470b6538fd776bc7124c99b21e3611d43ab35a,374.31711099999995,14.477577,5,0.002124,"0,0,0",,,389.176,0,0,False,True,,False
allwish,sinners,Sinners,movie,1233413,,,empty,2026-10-02T15:37:47.160659+00:00,5f975ae378638ac7116ad79bef470b6538fd776bc7124c99b21e3611d43ab35a,291.948269,13.940611,3,0.007452,"0,0,0",,,306.207,0,0,False,True,,False
allwish,twilight-zone,The Twilight Zone,series,6357,1,2,empty,2026-10-02T15:37:47.418832+00:00,5f975ae378638ac7116ad79bef470b6538fd776bc7124c99b21e3611d43ab35a,243.79493,14.032131,3,0.002744,"0,0,0",,,258.157,0,0,False,True,,False
allwish,friends,Friends,series,1668,1,2,empty,2026-10-02T15:37:47.670292+00:00,5f975ae378638ac7116ad79bef470b6538fd776bc7124c99b21e3611d43ab35a,236.891324,14.250232,3,0.002253,"0,0,0",,,251.443,0,0,False,True,,False
animeflix,cowboy-bebop,Cowboy Bebop,anime,30991,1,2,empty,2026-10-02T15:37:47.878882+00:00,5f975ae378638ac7116ad79bef470b6538fd776bc7124c99b21e3611d43ab35a,1456.679411,14.702506000000001,6,0.002153,"0,0,0",,,1471.736,0,0,False,True,,False
allwish,breaking-bad-s2,Breaking Bad,series,1396,2,1,empty,2026-10-02T15:37:47.916830+00:00,5f975ae378638ac7116ad79bef470b6538fd776bc7124c99b21e3611d43ab35a,232.175991,14.041682,3,0.00214,"0,0,0",,,246.524,0,0,False,True,,False
allwish,severance-s2,Severance,series,95396,2,1,empty,2026-10-02T15:37:48.153805+00:00,5f975ae378638ac7116ad79bef470b6538fd776bc7124c99b21e3611d43ab35a,222.98967,13.673464999999998,3,0.0020559999999999997,"0,0,0",,,236.96,0,0,False,True,,False
allwish,last-of-us-s2,The Last of Us,series,100088,2,1,empty,2026-10-02T15:37:48.407658+00:00,5f975ae378638ac7116ad79bef470b6538fd776bc7124c99b21e3611d43ab35a,239.799003,13.720912,3,0.00215,"0,0,0",,,253.841,0,0,False,True,,False
animegg,inception,Inception,movie,27205,,,wrong_catalog,2026-10-02T15:37:35.000962+00:00,5f975ae378638ac7116ad79bef470b6538fd776bc7124c99b21e3611d43ab35a,2000.8048500000002,15.451075,11,0.005954,"0,0,0",8818.237925,6541.255954,15878.371,2,1,False,True,,False
anikoto,cowboy-bebop,Cowboy Bebop,anime,30991,1,2,played,2026-10-02T15:37:42.455244+00:00,5f975ae378638ac7116ad79bef470b6538fd776bc7124c99b21e3611d43ab35a,2727.30631,14.326979,30,0.019107,"0,0,0",7558.2902890000005,1274.645107,9209.967,3,1,True,True,,False
animeflix,death-note,Death Note,anime,13916,1,2,empty,2026-10-02T15:37:49.375372+00:00,5f975ae378638ac7116ad79bef470b6538fd776bc7124c99b21e3611d43ab35a,1481.303102,14.808843,6,0.002276,"0,0,0",,,1496.47,0,0,False,True,,False
anikage,death-note,Death Note,anime,13916,1,2,played,2026-10-02T15:37:46.923559+00:00,5f975ae378638ac7116ad79bef470b6538fd776bc7124c99b21e3611d43ab35a,1363.420812,14.259428,9,0.005710000000000001,"0,0,0",3636.4972399999997,823.36671,4775.859,2,2,True,True,eng,False
animeflix,aot-s3,Attack on Titan,anime,1429,3,2,empty,2026-10-02T15:37:50.866526+00:00,5f975ae378638ac7116ad79bef470b6538fd776bc7124c99b21e3611d43ab35a,1476.383288,14.443521,6,0.002046,"0,0,0",,,1491.14,0,0,False,True,,False
animegg,dune-2,Dune: Part Two,movie,693134,,,wrong_catalog,2026-10-02T15:37:51.075435+00:00,5f975ae378638ac7116ad79bef470b6538fd776bc7124c99b21e3611d43ab35a,2196.3796420000003,16.014886999999998,13,0.005606,"0,0,0",,,3027.972,1,1,False,True,,False
anidoor,cowboy-bebop,Cowboy Bebop,anime,30991,1,2,played,2026-10-02T15:37:48.100577+00:00,5f975ae378638ac7116ad79bef470b6538fd776bc7124c99b21e3611d43ab35a,1141.5136559999999,14.255567000000001,14,0.005672,"0,0,0",3622.982223,1316.362672,6929.182,2,1,True,True,,False
anikage,aot-s3,Attack on Titan,anime,1429,3,2,played,2026-10-02T15:37:51.700840+00:00,5f975ae378638ac7116ad79bef470b6538fd776bc7124c99b21e3611d43ab35a,1364.7652209999999,14.398103,9,0.0054659999999999995,"0,0,0",3146.578324,974.667466,4576.846,2,2,True,True,eng,False
animegg,sinners,Sinners,movie,1233413,,,wrong_catalog,2026-10-02T15:37:52.719405+00:00,5f975ae378638ac7116ad79bef470b6538fd776bc7124c99b21e3611d43ab35a,813.1367750000001,15.25498,7,0.005888,"0,0,0",2395.753755,1487.1438879999998,3961.479,1,1,False,True,,False
anikage,frieren,Frieren: Beyond Journey’s End,anime,209867,1,2,empty,2026-10-02T15:37:56.100200+00:00,5f975ae378638ac7116ad79bef470b6538fd776bc7124c99b21e3611d43ab35a,1187.667205,14.105071,9,0.001831,"0,0,0",,,1202.124,0,0,False,True,,False
allwish,cowboy-bebop,Cowboy Bebop,anime,30991,1,2,played,2026-10-02T15:37:50.012366+00:00,5f975ae378638ac7116ad79bef470b6538fd776bc7124c99b21e3611d43ab35a,1589.665119,14.585944,14,0.005752,"0,0,0",3738.743063,1433.025752,8599.182,1,1,True,True,,False
anikage,solo-leveling-s2,Solo Leveling,anime,127532,2,1,empty,2026-10-02T15:37:57.330184+00:00,5f975ae378638ac7116ad79bef470b6538fd776bc7124c99b21e3611d43ab35a,1215.5673570000001,14.049679000000001,9,0.001887,"0,0,0",,,1229.968,0,0,False,True,,False
anikage,akira,Akira,anime_movie,149,,,empty,2026-10-02T15:37:58.430959+00:00,5f975ae378638ac7116ad79bef470b6538fd776bc7124c99b21e3611d43ab35a,1086.329333,14.019109,8,0.0072699999999999996,"0,0,0",,,1100.762,0,0,False,True,,False
anikage,spirited-away,Spirited Away,anime_movie,129,,,empty,2026-10-02T15:37:59.506620+00:00,5f975ae378638ac7116ad79bef470b6538fd776bc7124c99b21e3611d43ab35a,1061.2458330000002,13.978849,8,0.00698,"0,0,0",,,1075.643,0,0,False,True,,False
anikage,your-name,Your Name.,anime_movie,372058,,,empty,2026-10-02T15:38:00.716927+00:00,5f975ae378638ac7116ad79bef470b6538fd776bc7124c99b21e3611d43ab35a,1195.534723,14.407889,9,0.002168,"0,0,0",,,1210.289,0,0,False,True,,False
anikage,suzume,Suzume,anime_movie,916224,,,empty,2026-10-02T15:38:01.920388+00:00,5f975ae378638ac7116ad79bef470b6538fd776bc7124c99b21e3611d43ab35a,1188.893317,14.128364,9,0.006876,"0,0,0",,,1203.445,0,0,False,True,,False
anikage,boy-heron,The Boy and the Heron,anime_movie,508883,,,empty,2026-10-02T15:38:02.452219+00:00,5f975ae378638ac7116ad79bef470b6538fd776bc7124c99b21e3611d43ab35a,516.151212,14.733672,4,0.006874,"0,0,0",,,531.81,0,0,False,True,,False
animekai,casablanca,Casablanca,movie,289,,,empty,2026-10-02T15:38:03.601490+00:00,5f975ae378638ac7116ad79bef470b6538fd776bc7124c99b21e3611d43ab35a,1089.980493,46.824816999999996,4,0.002368,"0,0,0",,,1145.734,0,0,False,True,,False
anikoto,death-note,Death Note,anime,13916,1,2,played,2026-10-02T15:37:51.910128+00:00,5f975ae378638ac7116ad79bef470b6538fd776bc7124c99b21e3611d43ab35a,2971.532377,14.691678,30,0.046403,"0,0,0",6142.507055,1153.4954030000001,14739.583,3,1,True,True,,False
animekai,matrix,The Matrix,movie,603,,,empty,2026-10-02T15:38:04.402484+00:00,5f975ae378638ac7116ad79bef470b6538fd776bc7124c99b21e3611d43ab35a,786.750536,13.897749,5,0.0021950000000000003,"0,0,0",,,800.949,0,0,False,True,,False
animegg,twilight-zone,The Twilight Zone,series,6357,1,2,wrong_catalog,2026-10-02T15:37:57.894372+00:00,5f975ae378638ac7116ad79bef470b6538fd776bc7124c99b21e3611d43ab35a,2016.083158,25.720702000000003,12,0.006712,"0,0,0",5260.23586,3424.203712,8887.11,4,1,False,True,,False
animekai,inception,Inception,movie,27205,,,empty,2026-10-02T15:38:04.811463+00:00,5f975ae378638ac7116ad79bef470b6538fd776bc7124c99b21e3611d43ab35a,394.92213,13.709551000000001,4,0.002706,"0,0,0",,,408.965,0,0,False,True,,False
animekai,dune-2,Dune: Part Two,movie,693134,,,empty,2026-10-02T15:38:06.144334+00:00,5f975ae378638ac7116ad79bef470b6538fd776bc7124c99b21e3611d43ab35a,1318.169961,14.255987,7,0.002537,"0,0,0",,,1332.858,0,0,False,True,,False
animekai,sinners,Sinners,movie,1233413,,,empty,2026-10-02T15:38:06.557839+00:00,5f975ae378638ac7116ad79bef470b6538fd776bc7124c99b21e3611d43ab35a,399.536192,13.639118,4,0.002265,"0,0,0",,,413.478,0,0,False,True,,False
animekai,twilight-zone,The Twilight Zone,series,6357,1,2,empty,2026-10-02T15:38:07.286012+00:00,5f975ae378638ac7116ad79bef470b6538fd776bc7124c99b21e3611d43ab35a,713.765717,13.964169,5,0.0030740000000000003,"0,0,0",,,728.168,0,0,False,True,,False
animekai,friends,Friends,series,1668,1,2,empty,2026-10-02T15:38:07.704973+00:00,5f975ae378638ac7116ad79bef470b6538fd776bc7124c99b21e3611d43ab35a,404.871337,13.66005,4,0.00226,"0,0,0",,,418.936,0,0,False,True,,False
animeflix,frieren,Frieren: Beyond Journey’s End,anime,209867,1,2,played,2026-10-02T15:37:54.075795+00:00,5f975ae378638ac7116ad79bef470b6538fd776bc7124c99b21e3611d43ab35a,3193.974886,14.875298,15,0.005801,"0,0,0",9277.283184,2718.0168009999998,17481.608,1,1,True,True,,False
animekai,breaking-bad-s2,Breaking Bad,series,1396,2,1,empty,2026-10-02T15:38:08.460577+00:00,5f975ae378638ac7116ad79bef470b6538fd776bc7124c99b21e3611d43ab35a,741.069367,14.097472999999999,6,0.007038,"0,0,0",,,755.574,0,0,False,True,,False
animekai,severance-s2,Severance,series,95396,2,1,empty,2026-10-02T15:38:08.906511+00:00,5f975ae378638ac7116ad79bef470b6538fd776bc7124c99b21e3611d43ab35a,431.48291900000004,14.026375,5,0.0024609999999999996,"0,0,0",,,445.926,0,0,False,True,,False
animekai,last-of-us-s2,The Last of Us,series,100088,2,1,empty,2026-10-02T15:38:09.360629+00:00,5f975ae378638ac7116ad79bef470b6538fd776bc7124c99b21e3611d43ab35a,439.28283,14.439240000000002,5,0.0029289999999999997,"0,0,0",,,454.09,0,0,False,True,,False
animeflix,solo-leveling-s2,Solo Leveling,anime,127532,2,1,empty,2026-10-02T15:38:09.868590+00:00,5f975ae378638ac7116ad79bef470b6538fd776bc7124c99b21e3611d43ab35a,1505.0619709999999,14.959741000000001,6,0.002019,"0,0,0",,,1520.417,0,0,False,True,,False
anidoor,death-note,Death Note,anime,13916,1,2,played,2026-10-02T15:37:55.006984+00:00,5f975ae378638ac7116ad79bef470b6538fd776bc7124c99b21e3611d43ab35a,1117.533611,15.58338,14,0.005748,"0,0,0",7759.054991,1243.045748,16291.907,2,1,True,True,,False
animeflix,akira,Akira,anime_movie,149,,,empty,2026-10-02T15:38:11.374995+00:00,5f975ae378638ac7116ad79bef470b6538fd776bc7124c99b21e3611d43ab35a,1491.079527,14.82262,6,0.0033859999999999997,"0,0,0",,,1506.393,0,0,False,True,,False
allwish,death-note,Death Note,anime,13916,1,2,played,2026-10-02T15:37:58.705808+00:00,5f975ae378638ac7116ad79bef470b6538fd776bc7124c99b21e3611d43ab35a,1684.49361,13.988339,14,0.005473,"0,0,0",7828.682949,1142.790473,14875.026,1,1,True,True,,False
animeflix,spirited-away,Spirited Away,anime_movie,129,,,empty,2026-10-02T15:38:12.869528+00:00,5f975ae378638ac7116ad79bef470b6538fd776bc7124c99b21e3611d43ab35a,1479.137733,14.9981,6,0.0026869999999999997,"0,0,0",,,1494.507,0,0,False,True,,False
animeflix,your-name,Your Name.,anime_movie,372058,,,empty,2026-10-02T15:38:15.070419+00:00,5f975ae378638ac7116ad79bef470b6538fd776bc7124c99b21e3611d43ab35a,2185.437038,14.950326,8,0.004339,"0,0,0",,,2200.89,0,0,False,True,,False
anikoto,aot-s3,Attack on Titan,anime,1429,3,2,played,2026-10-02T15:38:06.195041+00:00,5f975ae378638ac7116ad79bef470b6538fd776bc7124c99b21e3611d43ab35a,2517.0179580000004,14.75624,30,0.019416,"0,0,0",9424.659198000001,1292.262416,11603.388,3,1,True,True,,False
animegg,friends,Friends,series,1668,1,2,wrong_catalog,2026-10-02T15:38:05.833719+00:00,5f975ae378638ac7116ad79bef470b6538fd776bc7124c99b21e3611d43ab35a,1076.6792569999998,17.330208,7,0.0055450000000000004,"0,0,0",6827.853465,3525.773545,10992.704,1,1,False,True,,False
animeflix,suzume,Suzume,anime_movie,916224,,,empty,2026-10-02T15:38:16.554618+00:00,5f975ae378638ac7116ad79bef470b6538fd776bc7124c99b21e3611d43ab35a,1468.418533,15.362238,6,0.002373,"0,0,0",,,1484.165,0,0,False,True,,False
animeflix,boy-heron,The Boy and the Heron,anime_movie,508883,,,empty,2026-10-02T15:38:18.041691+00:00,5f975ae378638ac7116ad79bef470b6538fd776bc7124c99b21e3611d43ab35a,1471.6908449999999,14.96686,6,0.002034,"0,0,0",,,1487.06,0,0,False,True,,False
allwish,aot-s3,Attack on Titan,anime,1429,3,2,played,2026-10-02T15:38:13.992149+00:00,5f975ae378638ac7116ad79bef470b6538fd776bc7124c99b21e3611d43ab35a,2096.102022,13.593451,14,0.00573,"0,0,0",4848.287473,1235.31673,8434.756,1,1,True,True,,False
animegg,breaking-bad-s2,Breaking Bad,series,1396,2,1,wrong_catalog,2026-10-02T15:38:17.401181+00:00,5f975ae378638ac7116ad79bef470b6538fd776bc7124c99b21e3611d43ab35a,1652.645779,16.011592,12,0.007654,"0,0,0",4089.7483710000006,1941.370654,6504.93,2,1,False,True,,False
animegg,severance-s2,Severance,series,95396,2,1,empty,2026-10-02T15:38:23.341181+00:00,5f975ae378638ac7116ad79bef470b6538fd776bc7124c99b21e3611d43ab35a,1088.320355,15.594930999999999,7,0.002063,"0,0,0",,,1104.271,0,0,False,True,,False
anidoor,aot-s3,Attack on Titan,anime,1429,3,2,played,2026-10-02T15:38:14.345770+00:00,5f975ae378638ac7116ad79bef470b6538fd776bc7124c99b21e3611d43ab35a,4164.4434009999995,15.229861000000001,24,0.016869000000000002,"0,0,0",8340.068262,1385.8488690000001,13534.898,1,1,True,True,,False
anikoto,frieren,Frieren: Beyond Journey’s End,anime,209867,1,2,played,2026-10-02T15:38:17.677152+00:00,5f975ae378638ac7116ad79bef470b6538fd776bc7124c99b21e3611d43ab35a,2395.798072,14.808083,30,0.006044,"0,0,0",6478.427155,1355.554044,11717.767,3,1,True,True,,False
animegg,last-of-us-s2,The Last of Us,series,100088,2,1,wrong_catalog,2026-10-02T15:38:24.672887+00:00,5f975ae378638ac7116ad79bef470b6538fd776bc7124c99b21e3611d43ab35a,1315.4644819999999,15.762904,11,0.0065509999999999995,"0,0,0",3398.300386,1875.0305509999998,5365.915,3,1,False,True,,False
allwish,frieren,Frieren: Beyond Journey’s End,anime,209867,1,2,played,2026-10-02T15:38:22.075306+00:00,5f975ae378638ac7116ad79bef470b6538fd776bc7124c99b21e3611d43ab35a,1743.986696,14.064910999999999,14,0.005653,"0,0,0",4678.257607,1321.157653,9950.086,1,1,True,True,,False
anidoor,frieren,Frieren: Beyond Journey’s End,anime,209867,1,2,played,2026-10-02T15:38:25.000734+00:00,5f975ae378638ac7116ad79bef470b6538fd776bc7124c99b21e3611d43ab35a,1285.041394,14.819642,14,0.00859,"0,0,0",4657.881036,1243.40159,8102.612,2,1,True,True,,False
animekai,cowboy-bebop,Cowboy Bebop,anime,30991,1,2,played,2026-10-02T15:38:10.311823+00:00,5f975ae378638ac7116ad79bef470b6538fd776bc7124c99b21e3611d43ab35a,937.109172,13.535452999999999,5,0.024919999999999998,"0,0,0",3067.256625,2059.95192,26591.0,1,1,True,True,,False
anikoto,solo-leveling-s2,Solo Leveling,anime,127532,2,1,played,2026-10-02T15:38:30.290659+00:00,5f975ae378638ac7116ad79bef470b6538fd776bc7124c99b21e3611d43ab35a,3283.171658,15.200047,30,0.009127999999999999,"0,0,0",6286.169705,1347.2031279999999,11235.97,3,1,True,True,,False
animegg,cowboy-bebop,Cowboy Bebop,anime,30991,1,2,played,2026-10-02T15:38:29.789399+00:00,5f975ae378638ac7116ad79bef470b6538fd776bc7124c99b21e3611d43ab35a,1066.106962,15.657315000000002,8,0.0054670000000000005,"0,0,0",5129.363277,4028.583467,9724.053,1,1,True,True,und,False
allwish,solo-leveling-s2,Solo Leveling,anime,127532,2,1,played,2026-10-02T15:38:31.994795+00:00,5f975ae378638ac7116ad79bef470b6538fd776bc7124c99b21e3611d43ab35a,1713.1888339999998,14.214572,14,0.00641,"0,0,0",4575.395406,1480.76541,9669.751,1,1,True,True,,False
anidoor,solo-leveling-s2,Solo Leveling,anime,127532,2,1,played,2026-10-02T15:38:32.860028+00:00,5f975ae378638ac7116ad79bef470b6538fd776bc7124c99b21e3611d43ab35a,1041.07997,15.490003,14,0.006397,"0,0,0",4626.374973,1292.770397,9650.475,2,1,True,True,,False
hianime,casablanca,Casablanca,movie,289,,,wrong_catalog,2026-10-02T15:38:19.483857+00:00,5f975ae378638ac7116ad79bef470b6538fd776bc7124c99b21e3611d43ab35a,1390.7622929999998,41.224441,7,0.00552,"0,0,0",5845.757734,4003.7365200000004,26585.477,1,1,False,True,,False
animegg,death-note,Death Note,anime,13916,1,2,played,2026-10-02T15:38:39.301074+00:00,5f975ae378638ac7116ad79bef470b6538fd776bc7124c99b21e3611d43ab35a,854.277638,15.059555000000001,8,0.006871,"0,0,0",4894.229193,3849.335871,10562.953,4,1,True,True,und,False
animegg,aot-s3,Attack on Titan,anime,1429,3,2,empty,2026-10-02T15:38:50.494576+00:00,5f975ae378638ac7116ad79bef470b6538fd776bc7124c99b21e3611d43ab35a,1484.311876,15.615418,7,0.001825,"0,0,0",,,1500.383,0,0,False,True,,False
animegg,frieren,Frieren: Beyond Journey’s End,anime,209867,1,2,empty,2026-10-02T15:38:52.105094+00:00,5f975ae378638ac7116ad79bef470b6538fd776bc7124c99b21e3611d43ab35a,1595.125013,14.968354999999999,11,0.001991,"0,0,0",,,1610.5,0,0,False,True,,False
anikoto,akira,Akira,anime_movie,149,,,played,2026-10-02T15:38:41.056687+00:00,5f975ae378638ac7116ad79bef470b6538fd776bc7124c99b21e3611d43ab35a,2821.731382,14.63082,30,0.006964,"0,0,0",7151.834202,2844.135964,17563.081,3,1,True,True,und,False
allwish,akira,Akira,anime_movie,149,,,played,2026-10-02T15:38:41.916795+00:00,5f975ae378638ac7116ad79bef470b6538fd776bc7124c99b21e3611d43ab35a,1965.467308,14.175182999999999,14,0.0054600000000000004,"0,0,0",8740.002491,3423.57446,19665.988,1,1,True,True,und,False
animegg,solo-leveling-s2,Solo Leveling,anime,127532,2,1,wrong_audio,2026-10-02T15:38:53.927897+00:00,5f975ae378638ac7116ad79bef470b6538fd776bc7124c99b21e3611d43ab35a,1807.330152,14.929933,10,0.006691,"0,0,0",5709.893085,3506.397691,9563.004,4,1,False,True,jpn,False
anidoor,akira,Akira,anime_movie,149,,,played,2026-10-02T15:38:43.012991+00:00,5f975ae378638ac7116ad79bef470b6538fd776bc7124c99b21e3611d43ab35a,1544.335607,14.725797,14,0.005348,"0,0,0",10753.406404000001,3441.094348,21919.147,2,1,True,True,und,False
anikoto,spirited-away,Spirited Away,anime_movie,129,,,played,2026-10-02T15:39:00.458418+00:00,5f975ae378638ac7116ad79bef470b6538fd776bc7124c99b21e3611d43ab35a,4659.893619,14.52031,30,0.013876999999999999,"0,0,0",9087.257929,1323.8568770000002,14206.729,3,1,True,True,,False
animekai,death-note,Death Note,anime,13916,1,2,played,2026-10-02T15:38:36.448221+00:00,5f975ae378638ac7116ad79bef470b6538fd776bc7124c99b21e3611d43ab35a,481.69361100000003,14.466708,5,0.006059999999999999,"0,0,0",10701.577319,2275.05506,34314.97,1,1,True,True,,False
allwish,spirited-away,Spirited Away,anime_movie,129,,,played,2026-10-02T15:39:01.511313+00:00,5f975ae378638ac7116ad79bef470b6538fd776bc7124c99b21e3611d43ab35a,1894.450537,13.56438,14,0.008095,"0,0,0",6957.064917,1435.294095,11974.911,1,1,True,True,,False
anidoor,spirited-away,Spirited Away,anime_movie,129,,,played,2026-10-02T15:39:04.444041+00:00,5f975ae378638ac7116ad79bef470b6538fd776bc7124c99b21e3611d43ab35a,1055.5243480000001,15.059764999999999,14,0.011054,"0,0,0",4953.157112999999,1507.542054,9921.676,2,1,True,True,,False
animegg,akira,Akira,anime_movie,149,,,wrong_audio,2026-10-02T15:39:02.907898+00:00,5f975ae378638ac7116ad79bef470b6538fd776bc7124c99b21e3611d43ab35a,1221.985005,17.285145,8,0.00528,"0,0,0",7735.81915,6742.083280000001,14743.081,1,1,False,True,jpn,False
animegg,spirited-away,Spirited Away,anime_movie,129,,,empty,2026-10-02T15:39:17.563682+00:00,5f975ae378638ac7116ad79bef470b6538fd776bc7124c99b21e3611d43ab35a,1136.84359,15.176324,8,0.006709,"0,0,0",,,1152.438,0,0,False,True,,False
animegg,your-name,Your Name.,anime_movie,372058,,,empty,2026-10-02T15:39:18.356087+00:00,5f975ae378638ac7116ad79bef470b6538fd776bc7124c99b21e3611d43ab35a,776.7754100000001,15.282952,4,0.002086,"0,0,0",,,792.389,0,0,False,True,,False
animegg,suzume,Suzume,anime_movie,916224,,,empty,2026-10-02T15:39:19.013748+00:00,5f975ae378638ac7116ad79bef470b6538fd776bc7124c99b21e3611d43ab35a,642.155601,15.177882,6,0.0020310000000000003,"0,0,0",,,657.647,0,0,False,True,,False
animegg,boy-heron,The Boy and the Heron,anime_movie,508883,,,empty,2026-10-02T15:39:19.430553+00:00,5f975ae378638ac7116ad79bef470b6538fd776bc7124c99b21e3611d43ab35a,401.40218799999997,15.069765,4,0.002245,"0,0,0",,,416.79,0,0,False,True,,False
hianime,matrix,The Matrix,movie,603,,,wrong_catalog,2026-10-02T15:38:45.987913+00:00,5f975ae378638ac7116ad79bef470b6538fd776bc7124c99b21e3611d43ab35a,1343.871155,14.825324,8,0.018437,"0,0,0",14440.034479000002,2926.9254370000003,35167.327,1,1,False,True,,False
hianime,inception,Inception,movie,27205,,,empty,2026-10-02T15:39:20.229041+00:00,5f975ae378638ac7116ad79bef470b6538fd776bc7124c99b21e3611d43ab35a,417.368766,15.222832,3,0.00217,"0,0,0",,,433.012,0,0,False,True,,False
hianime,dune-2,Dune: Part Two,movie,693134,,,empty,2026-10-02T15:39:20.667021+00:00,5f975ae378638ac7116ad79bef470b6538fd776bc7124c99b21e3611d43ab35a,423.264808,14.293559,3,0.002168,"0,0,0",,,437.953,0,0,False,True,,False
anikoto,your-name,Your Name.,anime_movie,372058,,,played,2026-10-02T15:39:12.853741+00:00,5f975ae378638ac7116ad79bef470b6538fd776bc7124c99b21e3611d43ab35a,2848.989689,14.659339000000001,30,0.005830999999999999,"0,0,0",4745.711028,1735.857831,10922.806,3,1,True,True,,False
anikoto,suzume,Suzume,anime_movie,916224,,,empty,2026-10-02T15:39:21.200554+00:00,5f975ae378638ac7116ad79bef470b6538fd776bc7124c99b21e3611d43ab35a,273.139902,14.680456,3,0.001961,"0,0,0",,,288.243,0,0,False,True,,False
hianime,sinners,Sinners,movie,1233413,,,empty,2026-10-02T15:39:21.468402+00:00,5f975ae378638ac7116ad79bef470b6538fd776bc7124c99b21e3611d43ab35a,785.762105,15.19805,5,0.002573,"0,0,0",,,801.363,0,0,False,True,,False
hianime,twilight-zone,The Twilight Zone,series,6357,1,2,empty,2026-10-02T15:39:21.952157+00:00,5f975ae378638ac7116ad79bef470b6538fd776bc7124c99b21e3611d43ab35a,444.020184,39.257767,3,0.002318,"0,0,0",,,483.731,0,0,False,True,,False
hianime,friends,Friends,series,1668,1,2,empty,2026-10-02T15:39:22.763016+00:00,5f975ae378638ac7116ad79bef470b6538fd776bc7124c99b21e3611d43ab35a,795.029042,15.40017,5,0.002644,"0,0,0",,,810.837,0,0,False,True,,False
allwish,your-name,Your Name.,anime_movie,372058,,,played,2026-10-02T15:39:13.500845+00:00,5f975ae378638ac7116ad79bef470b6538fd776bc7124c99b21e3611d43ab35a,1908.881838,13.979557,14,0.00527,"0,0,0",5205.653394999999,1708.0782700000002,11452.504,1,1,True,True,,False
hianime,breaking-bad-s2,Breaking Bad,series,1396,2,1,empty,2026-10-02T15:39:23.180762+00:00,5f975ae378638ac7116ad79bef470b6538fd776bc7124c99b21e3611d43ab35a,402.79137799999995,14.549996,3,0.003077,"0,0,0",,,417.722,0,0,False,True,,False
allwish,suzume,Suzume,anime_movie,916224,,,empty,2026-10-02T15:39:23.518849+00:00,5f975ae378638ac7116ad79bef470b6538fd776bc7124c99b21e3611d43ab35a,474.32451100000003,14.061784000000001,3,0.002052,"0,0,0",,,488.787,0,0,False,True,,False
hianime,severance-s2,Severance,series,95396,2,1,empty,2026-10-02T15:39:23.609002+00:00,5f975ae378638ac7116ad79bef470b6538fd776bc7124c99b21e3611d43ab35a,413.596305,14.185331000000001,3,0.002491,"0,0,0",,,428.222,0,0,False,True,,False
hianime,last-of-us-s2,The Last of Us,series,100088,2,1,empty,2026-10-02T15:39:24.022655+00:00,5f975ae378638ac7116ad79bef470b6538fd776bc7124c99b21e3611d43ab35a,398.01932,15.215749,3,0.002026,"0,0,0",,,413.632,0,0,False,True,,False
anidoor,your-name,Your Name.,anime_movie,372058,,,played,2026-10-02T15:39:14.460601+00:00,5f975ae378638ac7116ad79bef470b6538fd776bc7124c99b21e3611d43ab35a,1150.9572079999998,14.879385000000001,14,0.005283,"0,0,0",5083.330593,1384.928283,11453.191,2,1,True,True,,False
anikoto,boy-heron,The Boy and the Heron,anime_movie,508883,,,played,2026-10-02T15:39:24.148074+00:00,5f975ae378638ac7116ad79bef470b6538fd776bc7124c99b21e3611d43ab35a,2932.269049,14.522756,30,0.006514,"0,0,0",5376.172805,1480.812514,10764.205,3,1,True,True,,False
2dhive,casablanca,Casablanca,movie,289,,,empty,2026-10-02T15:39:32.584464+00:00,5f975ae378638ac7116ad79bef470b6538fd776bc7124c99b21e3611d43ab35a,558.971512,40.616632,4,0.002126,"0,0,0",,,607.361,0,0,False,True,,False
2dhive,matrix,The Matrix,movie,603,,,empty,2026-10-02T15:39:32.904691+00:00,5f975ae378638ac7116ad79bef470b6538fd776bc7124c99b21e3611d43ab35a,305.943397,13.907283,4,0.002264,"0,0,0",,,320.208,0,0,False,True,,False
2dhive,inception,Inception,movie,27205,,,empty,2026-10-02T15:39:33.180841+00:00,5f975ae378638ac7116ad79bef470b6538fd776bc7124c99b21e3611d43ab35a,261.705825,14.097506,4,0.002111,"0,0,0",,,276.124,0,0,False,True,,False
allwish,boy-heron,The Boy and the Heron,anime_movie,508883,,,played,2026-10-02T15:39:25.164073+00:00,5f975ae378638ac7116ad79bef470b6538fd776bc7124c99b21e3611d43ab35a,1630.7464820000002,13.990694999999999,14,0.005568,"0,0,0",4795.272177,1412.404568,10081.13,1,1,True,True,,False
2dhive,dune-2,Dune: Part Two,movie,693134,,,empty,2026-10-02T15:39:33.600964+00:00,5f975ae378638ac7116ad79bef470b6538fd776bc7124c99b21e3611d43ab35a,405.921135,13.909745,5,0.002103,"0,0,0",,,420.109,0,0,False,True,,False
2dhive,sinners,Sinners,movie,1233413,,,empty,2026-10-02T15:39:33.952714+00:00,5f975ae378638ac7116ad79bef470b6538fd776bc7124c99b21e3611d43ab35a,337.353495,14.088446,4,0.002081,"0,0,0",,,351.738,0,0,False,True,,False
2dhive,twilight-zone,The Twilight Zone,series,6357,1,2,empty,2026-10-02T15:39:34.309812+00:00,5f975ae378638ac7116ad79bef470b6538fd776bc7124c99b21e3611d43ab35a,342.71911900000003,13.999215000000001,4,0.002514,"0,0,0",,,357.094,0,0,False,True,,False
2dhive,friends,Friends,series,1668,1,2,empty,2026-10-02T15:39:34.621734+00:00,5f975ae378638ac7116ad79bef470b6538fd776bc7124c99b21e3611d43ab35a,297.703151,13.807440000000001,4,0.002413,"0,0,0",,,311.896,0,0,False,True,,False
2dhive,breaking-bad-s2,Breaking Bad,series,1396,2,1,empty,2026-10-02T15:39:34.892953+00:00,5f975ae378638ac7116ad79bef470b6538fd776bc7124c99b21e3611d43ab35a,256.939474,13.909054000000001,4,0.002064,"0,0,0",,,271.2,0,0,False,True,,False
2dhive,severance-s2,Severance,series,95396,2,1,empty,2026-10-02T15:39:35.190092+00:00,5f975ae378638ac7116ad79bef470b6538fd776bc7124c99b21e3611d43ab35a,282.79677399999997,13.941529,4,0.002295,"0,0,0",,,297.126,0,0,False,True,,False
2dhive,last-of-us-s2,The Last of Us,series,100088,2,1,empty,2026-10-02T15:39:35.532040+00:00,5f975ae378638ac7116ad79bef470b6538fd776bc7124c99b21e3611d43ab35a,327.552088,14.01013,4,0.0023539999999999998,"0,0,0",,,341.922,0,0,False,True,,False
anidoor,suzume,Suzume,anime_movie,916224,,,played,2026-10-02T15:39:25.954636+00:00,5f975ae378638ac7116ad79bef470b6538fd776bc7124c99b21e3611d43ab35a,1191.617951,14.769948,14,0.020967,"0,0,0",5372.780898999999,1614.740967,10819.556,2,1,True,True,,False
anichan,casablanca,Casablanca,movie,289,,,empty,2026-10-02T15:39:37.272526+00:00,5f975ae378638ac7116ad79bef470b6538fd776bc7124c99b21e3611d43ab35a,3609.727083,52.281510000000004,7,0.002047,"0,0,0",,,3670.821,0,0,False,True,,False
anichan,matrix,The Matrix,movie,603,,,empty,2026-10-02T15:39:37.589529+00:00,5f975ae378638ac7116ad79bef470b6538fd776bc7124c99b21e3611d43ab35a,302.327308,14.324689,2,0.0021390000000000003,"0,0,0",,,316.998,0,0,False,True,,False
anichan,inception,Inception,movie,27205,,,empty,2026-10-02T15:39:37.899479+00:00,5f975ae378638ac7116ad79bef470b6538fd776bc7124c99b21e3611d43ab35a,295.39192199999997,14.173787,2,0.002125,"0,0,0",,,309.927,0,0,False,True,,False
anichan,dune-2,Dune: Part Two,movie,693134,,,empty,2026-10-02T15:39:38.230871+00:00,5f975ae378638ac7116ad79bef470b6538fd776bc7124c99b21e3611d43ab35a,316.722818,14.363064999999999,2,0.006374,"0,0,0",,,331.366,0,0,False,True,,False
anichan,sinners,Sinners,movie,1233413,,,empty,2026-10-02T15:39:38.551472+00:00,5f975ae378638ac7116ad79bef470b6538fd776bc7124c99b21e3611d43ab35a,305.519112,14.696473,2,0.002338,"0,0,0",,,320.591,0,0,False,True,,False
anichan,twilight-zone,The Twilight Zone,series,6357,1,2,empty,2026-10-02T15:39:38.862859+00:00,5f975ae378638ac7116ad79bef470b6538fd776bc7124c99b21e3611d43ab35a,296.435841,14.503946000000001,2,0.0023020000000000002,"0,0,0",,,311.375,0,0,False,True,,False
anichan,friends,Friends,series,1668,1,2,empty,2026-10-02T15:39:39.191759+00:00,5f975ae378638ac7116ad79bef470b6538fd776bc7124c99b21e3611d43ab35a,313.765294,14.71386,2,0.002025,"0,0,0",,,328.868,0,0,False,True,,False
anichan,breaking-bad-s2,Breaking Bad,series,1396,2,1,empty,2026-10-02T15:39:39.503091+00:00,5f975ae378638ac7116ad79bef470b6538fd776bc7124c99b21e3611d43ab35a,296.346227,14.502075,2,0.002091,"0,0,0",,,311.317,0,0,False,True,,False
anichan,severance-s2,Severance,series,95396,2,1,empty,2026-10-02T15:39:40.168084+00:00,5f975ae378638ac7116ad79bef470b6538fd776bc7124c99b21e3611d43ab35a,650.102188,14.414076,3,0.007076,"0,0,0",,,664.97,0,0,False,True,,False
anichan,last-of-us-s2,The Last of Us,series,100088,2,1,empty,2026-10-02T15:39:40.495499+00:00,5f975ae378638ac7116ad79bef470b6538fd776bc7124c99b21e3611d43ab35a,312.667147,14.324816,2,0.002024,"0,0,0",,,327.398,0,0,False,True,,False
2dhive,cowboy-bebop,Cowboy Bebop,anime,30991,1,2,played,2026-10-02T15:39:36.294348+00:00,5f975ae378638ac7116ad79bef470b6538fd776bc7124c99b21e3611d43ab35a,742.386171,19.439562000000002,7,0.005759,"0,0,0",1945.447733,1367.379759,5011.797,1,1,True,True,,False
anidoor,boy-heron,The Boy and the Heron,anime_movie,508883,,,played,2026-10-02T15:39:36.659926+00:00,5f975ae378638ac7116ad79bef470b6538fd776bc7124c99b21e3611d43ab35a,1077.374773,15.008623,14,0.005884,"0,0,0",3380.952396,2183.675884,7294.031,2,1,True,True,,False
anikototv,casablanca,Casablanca,movie,289,,,empty,2026-10-02T15:39:42.912194+00:00,5f975ae378638ac7116ad79bef470b6538fd776bc7124c99b21e3611d43ab35a,0.117232,40.450816,0,0.001796,"0,0,0",,,49.673,0,0,False,True,,False
anikototv,matrix,The Matrix,movie,603,,,empty,2026-10-02T15:39:42.925863+00:00,5f975ae378638ac7116ad79bef470b6538fd776bc7124c99b21e3611d43ab35a,0.099786,13.300437,0,0.0017549999999999998,"0,0,0",,,13.65,0,0,False,True,,False
anikototv,inception,Inception,movie,27205,,,empty,2026-10-02T15:39:42.940679+00:00,5f975ae378638ac7116ad79bef470b6538fd776bc7124c99b21e3611d43ab35a,0.123053,14.399052000000001,0,0.001741,"0,0,0",,,14.806,0,0,False,True,,False
anikototv,dune-2,Dune: Part Two,movie,693134,,,empty,2026-10-02T15:39:42.954623+00:00,5f975ae378638ac7116ad79bef470b6538fd776bc7124c99b21e3611d43ab35a,0.09805,13.560624,0,0.006278,"0,0,0",,,13.924,0,0,False,True,,False
anikototv,sinners,Sinners,movie,1233413,,,empty,2026-10-02T15:39:42.968048+00:00,5f975ae378638ac7116ad79bef470b6538fd776bc7124c99b21e3611d43ab35a,0.087928,13.079334999999999,0,0.001818,"0,0,0",,,13.412,0,0,False,True,,False
anikototv,twilight-zone,The Twilight Zone,series,6357,1,2,empty,2026-10-02T15:39:43.198382+00:00,5f975ae378638ac7116ad79bef470b6538fd776bc7124c99b21e3611d43ab35a,216.481461,13.555622,3,0.002034,"0,0,0",,,230.327,0,0,False,True,,False
anikototv,friends,Friends,series,1668,1,2,empty,2026-10-02T15:39:43.305412+00:00,5f975ae378638ac7116ad79bef470b6538fd776bc7124c99b21e3611d43ab35a,93.55562300000001,13.1714,3,0.0020719999999999996,"0,0,0",,,107.011,0,0,False,True,,False
anikototv,breaking-bad-s2,Breaking Bad,series,1396,2,1,empty,2026-10-02T15:39:43.448878+00:00,5f975ae378638ac7116ad79bef470b6538fd776bc7124c99b21e3611d43ab35a,129.758947,13.411112,4,0.002233,"0,0,0",,,143.45,0,0,False,True,,False
anikototv,severance-s2,Severance,series,95396,2,1,empty,2026-10-02T15:39:43.583494+00:00,5f975ae378638ac7116ad79bef470b6538fd776bc7124c99b21e3611d43ab35a,121.11963,13.173115000000001,4,0.002173,"0,0,0",,,134.603,0,0,False,True,,False
anikototv,last-of-us-s2,The Last of Us,series,100088,2,1,empty,2026-10-02T15:39:43.714757+00:00,5f975ae378638ac7116ad79bef470b6538fd776bc7124c99b21e3611d43ab35a,117.88972,13.074809,4,0.002228,"0,0,0",,,131.245,0,0,False,True,,False
anichan,cowboy-bebop,Cowboy Bebop,anime,30991,1,2,empty,2026-10-02T15:39:46.654050+00:00,5f975ae378638ac7116ad79bef470b6538fd776bc7124c99b21e3611d43ab35a,6143.516529,14.524636000000001,9,0.007339,"0,0,0",,,6158.529,0,0,False,True,,False
2dhive,death-note,Death Note,anime,13916,1,2,played,2026-10-02T15:39:41.081637+00:00,5f975ae378638ac7116ad79bef470b6538fd776bc7124c99b21e3611d43ab35a,523.010406,14.228202000000001,7,0.0056,"0,0,0",3542.759608,1198.5366,7116.359,1,1,True,True,,False
anikototv,cowboy-bebop,Cowboy Bebop,anime,30991,1,2,played,2026-10-02T15:39:44.539698+00:00,5f975ae378638ac7116ad79bef470b6538fd776bc7124c99b21e3611d43ab35a,811.379698,13.166808,7,0.005712,"0,0,0",2162.719506,1325.7197119999998,5479.744,1,1,True,True,,False
itachi,casablanca,Casablanca,movie,289,,,empty,2026-10-02T15:39:50.952650+00:00,5f975ae378638ac7116ad79bef470b6538fd776bc7124c99b21e3611d43ab35a,31459.650575,49.059139,11,0.002458,"0,0,0",,,31518.305,0,0,False,True,,False
itachi,matrix,The Matrix,movie,603,,,empty,2026-10-02T15:39:51.178499+00:00,5f975ae378638ac7116ad79bef470b6538fd776bc7124c99b21e3611d43ab35a,212.605973,12.918999000000001,4,0.002256,"0,0,0",,,225.827,0,0,False,True,,False
itachi,inception,Inception,movie,27205,,,empty,2026-10-02T15:39:51.404955+00:00,5f975ae378638ac7116ad79bef470b6538fd776bc7124c99b21e3611d43ab35a,213.065154,13.087625000000001,4,0.002264,"0,0,0",,,226.44,0,0,False,True,,False
itachi,dune-2,Dune: Part Two,movie,693134,,,empty,2026-10-02T15:39:51.627410+00:00,5f975ae378638ac7116ad79bef470b6538fd776bc7124c99b21e3611d43ab35a,209.218817,12.936427,4,0.002386,"0,0,0",,,222.44,0,0,False,True,,False
itachi,sinners,Sinners,movie,1233413,,,empty,2026-10-02T15:39:51.852290+00:00,5f975ae378638ac7116ad79bef470b6538fd776bc7124c99b21e3611d43ab35a,211.563923,13.008801,4,0.002212,"0,0,0",,,224.859,0,0,False,True,,False
itachi,twilight-zone,The Twilight Zone,series,6357,1,2,empty,2026-10-02T15:39:52.074885+00:00,5f975ae378638ac7116ad79bef470b6538fd776bc7124c99b21e3611d43ab35a,207.42743099999998,14.839941000000001,4,0.002163,"0,0,0",,,222.581,0,0,False,True,,False
itachi,friends,Friends,series,1668,1,2,empty,2026-10-02T15:39:52.300133+00:00,5f975ae378638ac7116ad79bef470b6538fd776bc7124c99b21e3611d43ab35a,211.29486599999998,13.632325000000002,4,0.002232,"0,0,0",,,225.232,0,0,False,True,,False
itachi,breaking-bad-s2,Breaking Bad,series,1396,2,1,empty,2026-10-02T15:39:52.526672+00:00,5f975ae378638ac7116ad79bef470b6538fd776bc7124c99b21e3611d43ab35a,213.070649,13.122602,4,0.002148,"0,0,0",,,226.524,0,0,False,True,,False
itachi,severance-s2,Severance,series,95396,2,1,empty,2026-10-02T15:39:52.751097+00:00,5f975ae378638ac7116ad79bef470b6538fd776bc7124c99b21e3611d43ab35a,210.36090499999997,13.745322000000002,4,0.002208,"0,0,0",,,224.412,0,0,False,True,,False
anichan,death-note,Death Note,anime,13916,1,2,empty,2026-10-02T15:39:52.838992+00:00,5f975ae378638ac7116ad79bef470b6538fd776bc7124c99b21e3611d43ab35a,6170.170037,14.32108,9,0.00221,"0,0,0",,,6184.923,0,0,False,True,,False
itachi,last-of-us-s2,The Last of Us,series,100088,2,1,empty,2026-10-02T15:39:52.973991+00:00,5f975ae378638ac7116ad79bef470b6538fd776bc7124c99b21e3611d43ab35a,209.402931,13.151407,4,0.007274,"0,0,0",,,222.877,0,0,False,True,,False
2dhive,aot-s3,Attack on Titan,anime,1429,3,2,played,2026-10-02T15:39:48.195506+00:00,5f975ae378638ac7116ad79bef470b6538fd776bc7124c99b21e3611d43ab35a,520.42436,14.343401,7,0.0056430000000000004,"0,0,0",3749.754761,1217.161643,7185.526,1,1,True,True,,False
anikototv,death-note,Death Note,anime,13916,1,2,played,2026-10-02T15:39:49.819292+00:00,5f975ae378638ac7116ad79bef470b6538fd776bc7124c99b21e3611d43ab35a,608.136986,16.18902,7,0.006008,"0,0,0",3614.716006,1599.574008,7869.298,1,1,True,True,,False
anichan,aot-s3,Attack on Titan,anime,1429,3,2,empty,2026-10-02T15:39:59.004887+00:00,5f975ae378638ac7116ad79bef470b6538fd776bc7124c99b21e3611d43ab35a,6150.412714,15.042345000000001,9,0.0020499999999999997,"0,0,0",,,6165.873,0,0,False,True,,False
itachi,cowboy-bebop,Cowboy Bebop,anime,30991,1,2,played,2026-10-02T15:39:54.559072+00:00,5f975ae378638ac7116ad79bef470b6538fd776bc7124c99b21e3611d43ab35a,1571.270054,13.231532000000001,13,0.005872,"0,0,0",5402.537586,1338.031872,10255.256,1,1,True,True,,False
2dhive,frieren,Frieren: Beyond Journey’s End,anime,209867,1,2,played,2026-10-02T15:39:55.377259+00:00,5f975ae378638ac7116ad79bef470b6538fd776bc7124c99b21e3611d43ab35a,516.145654,14.785613,7,0.005837,"0,0,0",5013.984267,1289.070837,9919.831,1,1,True,True,,False
anichan,frieren,Frieren: Beyond Journey’s End,anime,209867,1,2,empty,2026-10-02T15:40:05.183648+00:00,5f975ae378638ac7116ad79bef470b6538fd776bc7124c99b21e3611d43ab35a,6163.920962,14.344423,9,0.0071790000000000005,"0,0,0",,,6178.739,0,0,False,True,,False
anikototv,aot-s3,Attack on Titan,anime,1429,3,2,played,2026-10-02T15:39:57.737153+00:00,5f975ae378638ac7116ad79bef470b6538fd776bc7124c99b21e3611d43ab35a,658.304117,14.393286999999999,7,0.017973,"0,0,0",4475.415403999999,1367.431973,9268.065,1,1,True,True,,False
anichan,solo-leveling-s2,Solo Leveling,anime,127532,2,1,empty,2026-10-02T15:40:11.363554+00:00,5f975ae378638ac7116ad79bef470b6538fd776bc7124c99b21e3611d43ab35a,6165.047299,14.364379999999999,9,0.006739,"0,0,0",,,6179.879,0,0,False,True,,False
2dhive,solo-leveling-s2,Solo Leveling,anime,127532,2,1,played,2026-10-02T15:40:05.283909+00:00,5f975ae378638ac7116ad79bef470b6538fd776bc7124c99b21e3611d43ab35a,503.66592499999996,14.157392,7,0.006138,"0,0,0",2950.099317,1431.252138,8733.618,1,1,True,True,,False
animekai,aot-s3,Attack on Titan,anime,1429,3,2,played,2026-10-02T15:39:10.764922+00:00,5f975ae378638ac7116ad79bef470b6538fd776bc7124c99b21e3611d43ab35a,483.40375600000004,14.386354,5,0.00602,"0,0,0",17753.10611,2934.96402,63709.885,1,1,True,True,,False
itachi,death-note,Death Note,anime,13916,1,2,played,2026-10-02T15:40:05.442261+00:00,5f975ae378638ac7116ad79bef470b6538fd776bc7124c99b21e3611d43ab35a,2198.120931,14.239590999999999,13,0.0058579999999999995,"0,0,0",6253.3855220000005,1261.490858,12187.195,1,1,True,True,,False
anikototv,frieren,Frieren: Beyond Journey’s End,anime,209867,1,2,played,2026-10-02T15:40:07.025243+00:00,5f975ae378638ac7116ad79bef470b6538fd776bc7124c99b21e3611d43ab35a,678.2593489999999,14.637283,7,0.005947999999999999,"0,0,0",5249.375632,1371.949948,10751.561,1,1,True,True,,False
hianime,cowboy-bebop,Cowboy Bebop,anime,30991,1,2,played,2026-10-02T15:39:25.103339+00:00,5f975ae378638ac7116ad79bef470b6538fd776bc7124c99b21e3611d43ab35a,1065.7767199999998,14.398045999999999,9,0.005806,"0,0,0",31681.881766000002,2095.002806,53423.699,1,1,True,True,,False
anichan,akira,Akira,anime_movie,149,,,empty,2026-10-02T15:40:17.527456+00:00,5f975ae378638ac7116ad79bef470b6538fd776bc7124c99b21e3611d43ab35a,6149.188856000001,14.295768,9,0.001954,"0,0,0",,,6163.894,0,0,False,True,,False
itachi,aot-s3,Attack on Titan,anime,1429,3,2,empty,2026-10-02T15:40:18.502475+00:00,5f975ae378638ac7116ad79bef470b6538fd776bc7124c99b21e3611d43ab35a,3072.227233,13.324993000000001,13,0.0023120000000000003,"0,0,0",,,3085.981,0,0,False,True,,False
anichan,spirited-away,Spirited Away,anime_movie,129,,,empty,2026-10-02T15:40:23.702472+00:00,5f975ae378638ac7116ad79bef470b6538fd776bc7124c99b21e3611d43ab35a,6160.227804,14.341301000000001,9,0.0018360000000000002,"0,0,0",,,6175.0,0,0,False,True,,False
2dhive,akira,Akira,anime_movie,149,,,played,2026-10-02T15:40:14.110336+00:00,5f975ae378638ac7116ad79bef470b6538fd776bc7124c99b21e3611d43ab35a,596.530106,14.10758,7,0.005523,"0,0,0",6690.817686,2985.8775229999997,13555.135,1,1,True,True,und,False
anikototv,solo-leveling-s2,Solo Leveling,anime,127532,2,1,played,2026-10-02T15:40:17.675503+00:00,5f975ae378638ac7116ad79bef470b6538fd776bc7124c99b21e3611d43ab35a,576.974079,14.488282,7,0.0063219999999999995,"0,0,0",4852.554361,1909.608322,12088.553,1,1,True,True,,False
anikototv,akira,Akira,anime_movie,149,,,empty,2026-10-02T15:40:29.187159+00:00,5f975ae378638ac7116ad79bef470b6538fd776bc7124c99b21e3611d43ab35a,0.176678,14.599022,0,0.0020540000000000003,"0,0,0",,,15.073,0,0,False,True,,False
anikototv,spirited-away,Spirited Away,anime_movie,129,,,empty,2026-10-02T15:40:29.201456+00:00,5f975ae378638ac7116ad79bef470b6538fd776bc7124c99b21e3611d43ab35a,0.093935,13.943401,0,0.002039,"0,0,0",,,14.282,0,0,False,True,,False
anikototv,your-name,Your Name.,anime_movie,372058,,,empty,2026-10-02T15:40:29.216144+00:00,5f975ae378638ac7116ad79bef470b6538fd776bc7124c99b21e3611d43ab35a,0.09974100000000001,14.246583,0,0.0018360000000000002,"0,0,0",,,14.683,0,0,False,True,,False
anikototv,suzume,Suzume,anime_movie,916224,,,empty,2026-10-02T15:40:29.230521+00:00,5f975ae378638ac7116ad79bef470b6538fd776bc7124c99b21e3611d43ab35a,0.091211,13.97456,0,0.001855,"0,0,0",,,14.363,0,0,False,True,,False
anikototv,boy-heron,The Boy and the Heron,anime_movie,508883,,,empty,2026-10-02T15:40:29.245087+00:00,5f975ae378638ac7116ad79bef470b6538fd776bc7124c99b21e3611d43ab35a,0.107054,14.136405,0,0.001766,"0,0,0",,,14.536,0,0,False,True,,False
anichan,your-name,Your Name.,anime_movie,372058,,,empty,2026-10-02T15:40:29.851661+00:00,5f975ae378638ac7116ad79bef470b6538fd776bc7124c99b21e3611d43ab35a,6134.837393,13.971612,9,0.001866,"0,0,0",,,6149.159,0,0,False,True,,False
animesuge,casablanca,Casablanca,movie,289,,,empty,2026-10-02T15:40:30.420593+00:00,5f975ae378638ac7116ad79bef470b6538fd776bc7124c99b21e3611d43ab35a,1119.5460420000002,45.373151,5,0.003022,"0,0,0",,,1173.99,0,0,False,True,,False
itachi,frieren,Frieren: Beyond Journey’s End,anime,209867,1,2,played,2026-10-02T15:40:19.939220+00:00,5f975ae378638ac7116ad79bef470b6538fd776bc7124c99b21e3611d43ab35a,1422.535359,13.557619,13,0.00591,"0,0,0",4979.532977999999,1252.38291,12236.408,1,1,True,True,,False
animesuge,matrix,The Matrix,movie,603,,,empty,2026-10-02T15:40:31.063518+00:00,5f975ae378638ac7116ad79bef470b6538fd776bc7124c99b21e3611d43ab35a,628.420285,14.136358999999999,5,0.002303,"0,0,0",,,642.895,0,0,False,True,,False
animesuge,inception,Inception,movie,27205,,,empty,2026-10-02T15:40:31.698393+00:00,5f975ae378638ac7116ad79bef470b6538fd776bc7124c99b21e3611d43ab35a,620.676516,13.861049,5,0.002146,"0,0,0",,,634.86,0,0,False,True,,False
animesuge,dune-2,Dune: Part Two,movie,693134,,,empty,2026-10-02T15:40:32.321326+00:00,5f975ae378638ac7116ad79bef470b6538fd776bc7124c99b21e3611d43ab35a,608.6884660000001,13.912406,5,0.0023049999999999998,"0,0,0",,,622.917,0,0,False,True,,False
2dhive,spirited-away,Spirited Away,anime_movie,129,,,played,2026-10-02T15:40:27.573598+00:00,5f975ae378638ac7116ad79bef470b6538fd776bc7124c99b21e3611d43ab35a,504.035052,14.554537,7,0.008284999999999999,"0,0,0",4984.217589,1521.949285,6866.976,1,1,True,True,,False
animesuge,sinners,Sinners,movie,1233413,,,empty,2026-10-02T15:40:34.076485+00:00,5f975ae378638ac7116ad79bef470b6538fd776bc7124c99b21e3611d43ab35a,1741.1227760000002,13.696997000000001,10,0.002122,"0,0,0",,,1755.143,0,0,False,True,,False
animesuge,twilight-zone,The Twilight Zone,series,6357,1,2,empty,2026-10-02T15:40:34.706512+00:00,5f975ae378638ac7116ad79bef470b6538fd776bc7124c99b21e3611d43ab35a,616.1345630000001,13.576353,5,0.002277,"0,0,0",,,630.01,0,0,False,True,,False
anichan,suzume,Suzume,anime_movie,916224,,,empty,2026-10-02T15:40:36.020305+00:00,5f975ae378638ac7116ad79bef470b6538fd776bc7124c99b21e3611d43ab35a,6153.827741,14.389460999999999,9,0.001928,"0,0,0",,,6168.631,0,0,False,True,,False
animesuge,friends,Friends,series,1668,1,2,empty,2026-10-02T15:40:36.436093+00:00,5f975ae378638ac7116ad79bef470b6538fd776bc7124c99b21e3611d43ab35a,1715.3895260000002,13.871017,10,0.0024210000000000004,"0,0,0",,,1729.569,0,0,False,True,,False
animesuge,breaking-bad-s2,Breaking Bad,series,1396,2,1,empty,2026-10-02T15:40:37.107394+00:00,5f975ae378638ac7116ad79bef470b6538fd776bc7124c99b21e3611d43ab35a,657.221089,13.75613,5,0.002183,"0,0,0",,,671.287,0,0,False,True,,False
animesuge,severance-s2,Severance,series,95396,2,1,empty,2026-10-02T15:40:37.778026+00:00,5f975ae378638ac7116ad79bef470b6538fd776bc7124c99b21e3611d43ab35a,656.4481979999999,13.850669,5,0.002314,"0,0,0",,,670.612,0,0,False,True,,False
animesuge,last-of-us-s2,The Last of Us,series,100088,2,1,empty,2026-10-02T15:40:38.440207+00:00,5f975ae378638ac7116ad79bef470b6538fd776bc7124c99b21e3611d43ab35a,647.944762,13.926516999999999,5,0.0023829999999999997,"0,0,0",,,662.165,0,0,False,True,,False
itachi,solo-leveling-s2,Solo Leveling,anime,127532,2,1,played,2026-10-02T15:40:33.056092+00:00,5f975ae378638ac7116ad79bef470b6538fd776bc7124c99b21e3611d43ab35a,2303.0539449999997,13.166608,13,0.022684000000000003,"0,0,0",4601.774552999999,1931.583684,8703.64,1,1,True,True,,False
animesuge,cowboy-bebop,Cowboy Bebop,anime,30991,1,2,empty,2026-10-02T15:40:40.580309+00:00,5f975ae378638ac7116ad79bef470b6538fd776bc7124c99b21e3611d43ab35a,2126.1282850000002,13.620509,13,0.002573,"0,0,0",,,2140.086,0,0,False,True,,False
2dhive,your-name,Your Name.,anime_movie,372058,,,played,2026-10-02T15:40:34.439327+00:00,5f975ae378638ac7116ad79bef470b6538fd776bc7124c99b21e3611d43ab35a,503.034086,14.459794,7,0.005733,"0,0,0",2973.8628799999997,1311.642733,7137.504,1,1,True,True,,False
anichan,boy-heron,The Boy and the Heron,anime_movie,508883,,,empty,2026-10-02T15:40:41.970347+00:00,5f975ae378638ac7116ad79bef470b6538fd776bc7124c99b21e3611d43ab35a,5935.692464,13.875633,8,0.007044,"0,0,0",,,5950.024,0,0,False,True,,False
animesuge,death-note,Death Note,anime,13916,1,2,empty,2026-10-02T15:40:42.154480+00:00,5f975ae378638ac7116ad79bef470b6538fd776bc7124c99b21e3611d43ab35a,1559.632733,14.198921,11,0.002252,"0,0,0",,,1574.155,0,0,False,True,,False
animesuge,aot-s3,Attack on Titan,anime,1429,3,2,empty,2026-10-02T15:40:43.483053+00:00,5f975ae378638ac7116ad79bef470b6538fd776bc7124c99b21e3611d43ab35a,1314.456514,13.798395999999999,10,0.002127,"0,0,0",,,1328.557,0,0,False,True,,False
animesuge,frieren,Frieren: Beyond Journey’s End,anime,209867,1,2,empty,2026-10-02T15:40:45.064271+00:00,5f975ae378638ac7116ad79bef470b6538fd776bc7124c99b21e3611d43ab35a,1566.7528960000002,14.12025,10,0.0021449999999999998,"0,0,0",,,1581.203,0,0,False,True,,False
animotvslash,casablanca,Casablanca,movie,289,,,empty,2026-10-02T15:40:46.727913+00:00,5f975ae378638ac7116ad79bef470b6538fd776bc7124c99b21e3611d43ab35a,4699.522079,47.124826,4,0.002246,"0,0,0",,,4755.964,0,0,False,True,,False
itachi,akira,Akira,anime_movie,149,,,played,2026-10-02T15:40:41.145825+00:00,5f975ae378638ac7116ad79bef470b6538fd776bc7124c99b21e3611d43ab35a,1689.200703,13.454115000000002,13,0.005899,"0,0,0",4600.232818,3417.866899,10358.047,1,1,True,True,und,False
2dhive,suzume,Suzume,anime_movie,916224,,,played,2026-10-02T15:40:41.564219+00:00,5f975ae378638ac7116ad79bef470b6538fd776bc7124c99b21e3611d43ab35a,490.240081,14.587503,7,0.006356,"0,0,0",4765.018584,1474.7163560000001,10427.359,1,1,True,True,,False
animotvslash,matrix,The Matrix,movie,603,,,empty,2026-10-02T15:40:54.825914+00:00,5f975ae378638ac7116ad79bef470b6538fd776bc7124c99b21e3611d43ab35a,8083.228611,14.308911,7,0.004096000000000001,"0,0,0",,,8097.981,0,0,False,True,,False
animotvslash,inception,Inception,movie,27205,,,empty,2026-10-02T15:40:56.100037+00:00,5f975ae378638ac7116ad79bef470b6538fd776bc7124c99b21e3611d43ab35a,1259.415461,14.32438,3,0.00241,"0,0,0",,,1274.103,0,0,False,True,,False
animekai,frieren,Frieren: Beyond Journey’s End,anime,209867,1,2,played,2026-10-02T15:40:14.695180+00:00,5f975ae378638ac7116ad79bef470b6538fd776bc7124c99b21e3611d43ab35a,704.007818,14.149217,5,0.005986999999999999,"0,0,0",6743.251035,2717.461987,43726.117,1,1,True,True,,False
animotvslash,dune-2,Dune: Part Two,movie,693134,,,empty,2026-10-02T15:41:00.146967+00:00,5f975ae378638ac7116ad79bef470b6538fd776bc7124c99b21e3611d43ab35a,4032.6378610000006,13.888266,4,0.002164,"0,0,0",,,4046.91,0,0,False,True,,False
animesuge,solo-leveling-s2,Solo Leveling,anime,127532,2,1,played,2026-10-02T15:40:46.803912+00:00,5f975ae378638ac7116ad79bef470b6538fd776bc7124c99b21e3611d43ab35a,1725.2360840000001,13.893858,14,0.00617,"0,0,0",10372.998942,4063.73217,18595.664,1,1,True,True,und,False
2dhive,boy-heron,The Boy and the Heron,anime_movie,508883,,,played,2026-10-02T15:40:52.033913+00:00,5f975ae378638ac7116ad79bef470b6538fd776bc7124c99b21e3611d43ab35a,533.220775,13.832726,7,0.005699999999999999,"0,0,0",5924.721501,1641.1267,13940.321,1,1,True,True,,False
hianime,death-note,Death Note,anime,13916,1,2,played,2026-10-02T15:40:18.486208+00:00,5f975ae378638ac7116ad79bef470b6538fd776bc7124c99b21e3611d43ab35a,1025.92762,13.421249999999999,9,0.005547000000000001,"0,0,0",12805.16287,1983.233547,48692.681,1,1,True,True,,False
itachi,spirited-away,Spirited Away,anime_movie,129,,,played,2026-10-02T15:40:52.115633+00:00,5f975ae378638ac7116ad79bef470b6538fd776bc7124c99b21e3611d43ab35a,2300.515127,13.526348,13,0.009196,"0,0,0",9151.097474999999,1356.057196,17162.364,1,1,True,True,,False
nikastream,casablanca,Casablanca,movie,289,,,empty,2026-10-02T15:41:07.899773+00:00,5f975ae378638ac7116ad79bef470b6538fd776bc7124c99b21e3611d43ab35a,2403.74802,48.49898099999999,17,0.002102,"0,0,0",,,2459.544,0,0,False,True,,False
nikastream,matrix,The Matrix,movie,603,,,empty,2026-10-02T15:41:08.901051+00:00,5f975ae378638ac7116ad79bef470b6538fd776bc7124c99b21e3611d43ab35a,986.3611970000001,14.442257999999999,25,0.002121,"0,0,0",,,1001.262,0,0,False,True,,False
nikastream,inception,Inception,movie,27205,,,empty,2026-10-02T15:41:09.555414+00:00,5f975ae378638ac7116ad79bef470b6538fd776bc7124c99b21e3611d43ab35a,639.736847,14.294068,6,0.002272,"0,0,0",,,654.353,0,0,False,True,,False
animesuge,akira,Akira,anime_movie,149,,,played,2026-10-02T15:41:06.920159+00:00,5f975ae378638ac7116ad79bef470b6538fd776bc7124c99b21e3611d43ab35a,3245.290012,14.341225000000001,19,0.005578,"0,0,0",4543.902236999999,1346.300578,6535.77,1,1,True,True,,False
nikastream,dune-2,Dune: Part Two,movie,693134,,,empty,2026-10-02T15:41:10.321720+00:00,5f975ae378638ac7116ad79bef470b6538fd776bc7124c99b21e3611d43ab35a,751.149508,14.847584000000001,6,0.002173,"0,0,0",,,766.286,0,0,False,True,,False
animesuge,spirited-away,Spirited Away,anime_movie,129,,,empty,2026-10-02T15:41:11.504655+00:00,5f975ae378638ac7116ad79bef470b6538fd776bc7124c99b21e3611d43ab35a,1293.356702,15.172774,10,0.002088,"0,0,0",,,1308.904,0,0,False,True,,False
animesuge,your-name,Your Name.,anime_movie,372058,,,empty,2026-10-02T15:41:12.337270+00:00,5f975ae378638ac7116ad79bef470b6538fd776bc7124c99b21e3611d43ab35a,818.154066,14.131441,6,0.006499,"0,0,0",,,832.598,0,0,False,True,,False
animesuge,suzume,Suzume,anime_movie,916224,,,empty,2026-10-02T15:41:13.190256+00:00,5f975ae378638ac7116ad79bef470b6538fd776bc7124c99b21e3611d43ab35a,838.954633,13.707303000000001,6,0.002129,"0,0,0",,,852.971,0,0,False,True,,False
itachi,your-name,Your Name.,anime_movie,372058,,,played,2026-10-02T15:41:09.376606+00:00,5f975ae378638ac7116ad79bef470b6538fd776bc7124c99b21e3611d43ab35a,2399.5566780000004,13.511128000000001,13,0.0063679999999999995,"0,0,0",4591.6908060000005,1748.283368,7066.867,1,1,True,True,,False
animesuge,boy-heron,The Boy and the Heron,anime_movie,508883,,,empty,2026-10-02T15:41:14.522816+00:00,5f975ae378638ac7116ad79bef470b6538fd776bc7124c99b21e3611d43ab35a,1318.750048,13.485357,10,0.002256,"0,0,0",,,1332.542,0,0,False,True,,False
animotvslash,sinners,Sinners,movie,1233413,,,wrong_catalog,2026-10-02T15:41:13.338891+00:00,5f975ae378638ac7116ad79bef470b6538fd776bc7124c99b21e3611d43ab35a,13177.294032000002,14.146344,10,0.005729,"0,0,0",15269.122376000003,1280.901729,16614.739,1,1,False,True,,False
nikastream,sinners,Sinners,movie,1233413,,,empty,2026-10-02T15:41:17.019250+00:00,5f975ae378638ac7116ad79bef470b6538fd776bc7124c99b21e3611d43ab35a,6682.802094000001,14.402747,10,0.002173,"0,0,0",,,6697.516,0,0,False,True,,False
animotvslash,twilight-zone,The Twilight Zone,series,6357,1,2,empty,2026-10-02T15:41:19.646003+00:00,5f975ae378638ac7116ad79bef470b6538fd776bc7124c99b21e3611d43ab35a,2869.672062,14.25084,3,0.0020719999999999996,"0,0,0",,,2884.258,0,0,False,True,,False
itachi,suzume,Suzume,anime_movie,916224,,,played,2026-10-02T15:41:15.838221+00:00,5f975ae378638ac7116ad79bef470b6538fd776bc7124c99b21e3611d43ab35a,1793.730593,13.507489,13,0.019738,"0,0,0",4569.788082,1738.7537379999999,6765.813,1,1,True,True,,False
nikastream,twilight-zone,The Twilight Zone,series,6357,1,2,empty,2026-10-02T15:41:23.589815+00:00,5f975ae378638ac7116ad79bef470b6538fd776bc7124c99b21e3611d43ab35a,6555.886025999999,14.32746,10,0.006973999999999999,"0,0,0",,,6570.549,0,0,False,True,,False
itachi,boy-heron,The Boy and the Heron,anime_movie,508883,,,played,2026-10-02T15:41:22.723148+00:00,5f975ae378638ac7116ad79bef470b6538fd776bc7124c99b21e3611d43ab35a,1913.37138,13.394725999999999,13,0.005997000000000001,"0,0,0",3587.289106,1570.445997,5461.102,1,1,True,True,,False
animekai,solo-leveling-s2,Solo Leveling,anime,127532,2,1,played,2026-10-02T15:40:58.195415+00:00,5f975ae378638ac7116ad79bef470b6538fd776bc7124c99b21e3611d43ab35a,478.099914,14.189059,5,0.006227,"0,0,0",11830.264973000001,3061.382227,31414.672,1,1,True,True,,False
animotvslash,friends,Friends,series,1668,1,2,wrong_catalog,2026-10-02T15:41:26.305012+00:00,5f975ae378638ac7116ad79bef470b6538fd776bc7124c99b21e3611d43ab35a,6644.507289,13.975696,9,0.0076159999999999995,"0,0,0",8018.596985000001,1153.843616,9841.411,2,1,False,True,,False
nikastream,friends,Friends,series,1668,1,2,empty,2026-10-02T15:41:30.332387+00:00,5f975ae378638ac7116ad79bef470b6538fd776bc7124c99b21e3611d43ab35a,6727.519619,14.594493,10,0.0070090000000000005,"0,0,0",,,6742.565,0,0,False,True,,False
animotvslash,breaking-bad-s2,Breaking Bad,series,1396,2,1,empty,2026-10-02T15:41:31.037601+00:00,5f975ae378638ac7116ad79bef470b6538fd776bc7124c99b21e3611d43ab35a,1535.3326859999997,14.478676,3,0.002256,"0,0,0",,,1550.145,0,0,False,True,,False
animotvslash,severance-s2,Severance,series,95396,2,1,empty,2026-10-02T15:41:33.023224+00:00,5f975ae378638ac7116ad79bef470b6538fd776bc7124c99b21e3611d43ab35a,1970.999894,14.315655,3,0.0023369999999999997,"0,0,0",,,1985.61,0,0,False,True,,False
nikastream,breaking-bad-s2,Breaking Bad,series,1396,2,1,empty,2026-10-02T15:41:37.045424+00:00,5f975ae378638ac7116ad79bef470b6538fd776bc7124c99b21e3611d43ab35a,6697.672682,14.972121,10,0.007022,"0,0,0",,,6712.999,0,0,False,True,,False
animotvslash,last-of-us-s2,The Last of Us,series,100088,2,1,wrong_catalog,2026-10-02T15:41:40.408596+00:00,5f975ae378638ac7116ad79bef470b6538fd776bc7124c99b21e3611d43ab35a,7370.446893,14.564295,6,0.005755,"0,0,0",8144.207188,509.72575500000005,8815.211,1,1,False,True,,False
nikastream,severance-s2,Severance,series,95396,2,1,empty,2026-10-02T15:41:44.847795+00:00,5f975ae378638ac7116ad79bef470b6538fd776bc7124c99b21e3611d43ab35a,7787.580336,14.429651999999999,10,0.006868,"0,0,0",,,7802.353,0,0,False,True,,False
hianime,aot-s3,Attack on Titan,anime,1429,3,2,played,2026-10-02T15:41:07.428919+00:00,5f975ae378638ac7116ad79bef470b6538fd776bc7124c99b21e3611d43ab35a,1275.599046,13.690613,9,0.017245,"0,0,0",11044.092659000002,3511.120245,41221.499,1,1,True,True,,False
animotvslash,cowboy-bebop,Cowboy Bebop,anime,30991,1,2,played,2026-10-02T15:41:48.144688+00:00,5f975ae378638ac7116ad79bef470b6538fd776bc7124c99b21e3611d43ab35a,6291.312034,14.404643,9,0.0053879999999999996,"0,0,0",7736.195677,1318.335388,9489.454,1,1,True,True,,False
nikastream,last-of-us-s2,The Last of Us,series,100088,2,1,empty,2026-10-02T15:41:51.475779+00:00,5f975ae378638ac7116ad79bef470b6538fd776bc7124c99b21e3611d43ab35a,6613.155584,14.517543000000002,10,0.0019,"0,0,0",,,6627.97,0,0,False,True,,False
streamxtv,casablanca,Casablanca,movie,289,,,resolve_timeout,2026-10-02T15:41:54.580492+00:00,5f975ae378638ac7116ad79bef470b6538fd776bc7124c99b21e3611d43ab35a,35001.211767,44.590902,39,5001.150832,7,,,40056.218,0,0,False,True,,False
animotvslash,death-note,Death Note,anime,13916,1,2,played,2026-10-02T15:41:55.825971+00:00,5f975ae378638ac7116ad79bef470b6538fd776bc7124c99b21e3611d43ab35a,4483.439467,14.099110999999999,9,0.0057540000000000004,"0,0,0",5625.5155780000005,1170.769754,7881.255,1,1,True,True,,False
nikastream,cowboy-bebop,Cowboy Bebop,anime,30991,1,2,played,2026-10-02T15:41:59.505847+00:00,5f975ae378638ac7116ad79bef470b6538fd776bc7124c99b21e3611d43ab35a,8015.01011,14.336323,22,0.009676,"0,0,0",9203.189433000001,1293.441676,11012.268,8,1,True,True,,False
animotvslash,aot-s3,Attack on Titan,anime,1429,3,2,empty,2026-10-02T15:42:08.280491+00:00,5f975ae378638ac7116ad79bef470b6538fd776bc7124c99b21e3611d43ab35a,9056.695466000001,14.202316,11,0.002057,"0,0,0",,,9071.276,0,0,False,True,,False
animekai,akira,Akira,anime_movie,149,,,played,2026-10-02T15:41:29.643159+00:00,5f975ae378638ac7116ad79bef470b6538fd776bc7124c99b21e3611d43ab35a,511.663678,13.64075,5,0.005988,"0,0,0",20738.410428000003,2546.5139879999997,49543.394,1,1,True,True,,False
animotvslash,frieren,Frieren: Beyond Journey’s End,anime,209867,1,2,played,2026-10-02T15:42:18.697906+00:00,5f975ae378638ac7116ad79bef470b6538fd776bc7124c99b21e3611d43ab35a,10402.663533,14.351167,11,0.005652,"0,0,0",11680.6537,1261.919652,13499.702,1,1,True,True,,False
hianime,frieren,Frieren: Beyond Journey’s End,anime,209867,1,2,played,2026-10-02T15:41:48.433391+00:00,5f975ae378638ac7116ad79bef470b6538fd776bc7124c99b21e3611d43ab35a,1058.69744,13.6922,9,0.007700000000000001,"0,0,0",18207.01764,2302.0277,36492.495,1,1,True,True,,False
nikastream,death-note,Death Note,anime,13916,1,2,played,2026-10-02T15:42:21.648615+00:00,5f975ae378638ac7116ad79bef470b6538fd776bc7124c99b21e3611d43ab35a,19145.025329,14.526225,22,0.01132,"0,0,0",20499.080554,1209.8913200000002,22725.041,10,1,True,True,,False
animotvslash,solo-leveling-s2,Solo Leveling,anime,127532,2,1,played,2026-10-02T15:42:29.503200+00:00,5f975ae378638ac7116ad79bef470b6538fd776bc7124c99b21e3611d43ab35a,7708.06102,14.373428,12,0.005878,"0,0,0",9049.129448,1233.474878,10706.269,1,1,True,True,,False
animekai,spirited-away,Spirited Away,anime_movie,129,,,played,2026-10-02T15:42:19.173086+00:00,5f975ae378638ac7116ad79bef470b6538fd776bc7124c99b21e3611d43ab35a,498.04935900000004,13.651432999999999,5,0.008131000000000001,"0,0,0",7333.094792,2420.761131,18354.453,1,1,True,True,,False
hianime,solo-leveling-s2,Solo Leveling,anime,127532,2,1,played,2026-10-02T15:42:25.509821+00:00,5f975ae378638ac7116ad79bef470b6538fd776bc7124c99b21e3611d43ab35a,1642.723052,13.585751,10,0.005659,"0,0,0",7750.176803,3804.180659,17302.892,1,1,True,True,und,False
animotvslash,akira,Akira,anime_movie,149,,,played,2026-10-02T15:42:35.259479+00:00,5f975ae378638ac7116ad79bef470b6538fd776bc7124c99b21e3611d43ab35a,2758.316677,14.15279,9,0.005497,"0,0,0",5600.883467,3158.2764970000003,9512.348,1,1,True,True,und,False
animotvslash,spirited-away,Spirited Away,anime_movie,129,,,played,2026-10-02T15:42:45.451565+00:00,5f975ae378638ac7116ad79bef470b6538fd776bc7124c99b21e3611d43ab35a,3437.5996020000002,14.414194,9,0.011756,"0,0,0",4853.157796,1579.333756,8551.735,1,1,True,True,,False
nikastream,aot-s3,Attack on Titan,anime,1429,3,2,played,2026-10-02T15:42:46.605326+00:00,5f975ae378638ac7116ad79bef470b6538fd776bc7124c99b21e3611d43ab35a,21376.857008000003,14.386666,34,0.009814,"0,0,0",23198.296674000005,1231.723814,26903.69,9,1,True,True,,False
animotvslash,your-name,Your Name.,anime_movie,372058,,,played,2026-10-02T15:42:53.492498+00:00,5f975ae378638ac7116ad79bef470b6538fd776bc7124c99b21e3611d43ab35a,2926.9607419999998,14.381788,9,0.005555,"0,0,0",4306.59853,1310.696555,6474.984,1,1,True,True,,False
streamxtv,matrix,The Matrix,movie,603,,,decode_failed,2026-10-02T15:42:19.961122+00:00,5f975ae378638ac7116ad79bef470b6538fd776bc7124c99b21e3611d43ab35a,25365.334167,14.535126,38,0.006601,"0,0,0",,,65382.909,1,1,False,True,,False
animekai,your-name,Your Name.,anime_movie,372058,,,played,2026-10-02T15:42:37.536629+00:00,5f975ae378638ac7116ad79bef470b6538fd776bc7124c99b21e3611d43ab35a,506.622201,14.27722,5,0.005529,"0,0,0",9742.263421,5461.126529,25615.766,1,1,True,True,und,False
animotvslash,suzume,Suzume,anime_movie,916224,,,played,2026-10-02T15:43:00.285904+00:00,5f975ae378638ac7116ad79bef470b6538fd776bc7124c99b21e3611d43ab35a,3245.310519,14.406106,9,0.006384,"0,0,0",4975.828625,1903.375384,7395.102,1,1,True,True,,False
nikastream,frieren,Frieren: Beyond Journey’s End,anime,209867,1,2,played,2026-10-02T15:43:05.618796+00:00,5f975ae378638ac7116ad79bef470b6538fd776bc7124c99b21e3611d43ab35a,13486.112343,15.074815000000001,20,0.008628,"0,0,0",14787.905158000001,1448.757628,16885.025,7,1,True,True,,False
hianime,akira,Akira,anime_movie,149,,,played,2026-10-02T15:42:42.274569+00:00,5f975ae378638ac7116ad79bef470b6538fd776bc7124c99b21e3611d43ab35a,1104.412937,13.675843,9,0.008367,"0,0,0",10906.54278,2151.984367,32315.972,1,1,True,True,,False
animotvslash,boy-heron,The Boy and the Heron,anime_movie,508883,,,played,2026-10-02T15:43:13.496926+00:00,5f975ae378638ac7116ad79bef470b6538fd776bc7124c99b21e3611d43ab35a,9061.338579,14.278907,10,0.0056099999999999995,"0,0,0",10464.914486,1363.9526099999998,12059.172,1,1,True,True,,False
animekai,suzume,Suzume,anime_movie,916224,,,played,2026-10-02T15:43:03.125651+00:00,5f975ae378638ac7116ad79bef470b6538fd776bc7124c99b21e3611d43ab35a,479.537291,14.52352,5,0.01876,"0,0,0",13359.141811,2417.53476,21199.003,1,1,True,True,,False
nikastream,solo-leveling-s2,Solo Leveling,anime,127532,2,1,played,2026-10-02T15:43:22.392866+00:00,5f975ae378638ac7116ad79bef470b6538fd776bc7124c99b21e3611d43ab35a,13374.661231,15.378582999999999,20,0.009120999999999999,"0,0,0",14814.438814,1304.444121,16523.817,7,1,True,True,,False
nikastream,akira,Akira,anime_movie,149,,,empty,2026-10-02T15:43:26.333395+00:00,5f975ae378638ac7116ad79bef470b6538fd776bc7124c99b21e3611d43ab35a,792.8128250000001,14.295565,24,0.001973,"0,0,0",,,807.629,0,0,False,True,,False
nikastream,spirited-away,Spirited Away,anime_movie,129,,,empty,2026-10-02T15:43:27.133858+00:00,5f975ae378638ac7116ad79bef470b6538fd776bc7124c99b21e3611d43ab35a,785.6204319999999,14.353002,24,0.0021100000000000003,"0,0,0",,,800.439,0,0,False,True,,False
hianime,spirited-away,Spirited Away,anime_movie,129,,,played,2026-10-02T15:43:14.650785+00:00,5f975ae378638ac7116ad79bef470b6538fd776bc7124c99b21e3611d43ab35a,1164.8057450000001,13.572814000000001,9,0.0057989999999999995,"0,0,0",6225.853559,2109.441799,14581.913,1,1,True,True,,False
nikastream,your-name,Your Name.,anime_movie,372058,,,played,2026-10-02T15:43:36.698325+00:00,5f975ae378638ac7116ad79bef470b6538fd776bc7124c99b21e3611d43ab35a,9549.515208,14.196405,33,0.008192000000000001,"0,0,0",10935.714613000002,1433.598192,12997.789,6,1,True,True,,False
nikastream,suzume,Suzume,anime_movie,916224,,,empty,2026-10-02T15:43:41.260523+00:00,5f975ae378638ac7116ad79bef470b6538fd776bc7124c99b21e3611d43ab35a,1113.759343,14.515073,24,0.0021119999999999997,"0,0,0",,,1128.837,0,0,False,True,,False
nikastream,boy-heron,The Boy and the Heron,anime_movie,508883,,,empty,2026-10-02T15:43:42.065379+00:00,5f975ae378638ac7116ad79bef470b6538fd776bc7124c99b21e3611d43ab35a,790.163139,14.205364,24,0.0020320000000000004,"0,0,0",,,804.838,0,0,False,True,,False
animekai,boy-heron,The Boy and the Heron,anime_movie,508883,,,played,2026-10-02T15:43:24.348474+00:00,5f975ae378638ac7116ad79bef470b6538fd776bc7124c99b21e3611d43ab35a,503.950586,14.047311,5,0.005455000000000001,"0,0,0",8473.830897,5597.924455,24746.442,1,1,True,True,und,False
streamxtv,inception,Inception,movie,27205,,,played,2026-10-02T15:43:25.150603+00:00,5f975ae378638ac7116ad79bef470b6538fd776bc7124c99b21e3611d43ab35a,25172.027253,14.457434,38,0.00589,"0,0,0",36878.417687,11696.04089,51554.627,2,1,True,True,,False
hianime,your-name,Your Name.,anime_movie,372058,,,played,2026-10-02T15:43:29.180066+00:00,5f975ae378638ac7116ad79bef470b6538fd776bc7124c99b21e3611d43ab35a,1112.3275939999999,13.304111,9,0.005719,"0,0,0",10981.133705,8441.464719000001,35860.7,1,1,True,True,und,False
hianime,suzume,Suzume,anime_movie,916224,,,empty,2026-10-02T15:44:04.311562+00:00,5f975ae378638ac7116ad79bef470b6538fd776bc7124c99b21e3611d43ab35a,382.76400900000004,13.79767,3,0.0019089999999999999,"0,0,0",,,396.896,0,0,False,True,,False
hianime,boy-heron,The Boy and the Heron,anime_movie,508883,,,played,2026-10-02T15:44:05.442370+00:00,5f975ae378638ac7116ad79bef470b6538fd776bc7124c99b21e3611d43ab35a,1116.7989089999999,13.432744999999999,9,0.005828,"0,0,0",6206.106654,5927.934828,12777.098,1,1,True,True,und,False
streamxtv,dune-2,Dune: Part Two,movie,693134,,,played,2026-10-02T15:44:04.719111+00:00,5f975ae378638ac7116ad79bef470b6538fd776bc7124c99b21e3611d43ab35a,13185.63305,14.374118,69,0.0060220000000000004,"0,0,0",24886.040168,11664.102022,38719.063,2,1,True,True,,False
streamxtv,sinners,Sinners,movie,1233413,,,resolve_timeout,2026-10-02T15:45:10.254216+00:00,5f975ae378638ac7116ad79bef470b6538fd776bc7124c99b21e3611d43ab35a,35001.062101,14.204635,38,5001.119676,5,,,40017.022,0,0,False,True,,False
streamxtv,twilight-zone,The Twilight Zone,series,6357,1,2,resolve_timeout,2026-10-02T15:45:50.272407+00:00,5f975ae378638ac7116ad79bef470b6538fd776bc7124c99b21e3611d43ab35a,35001.403097999995,14.834838,44,5001.342919,8,,,40018.175,0,0,False,True,,False
streamxtv,friends,Friends,series,1668,1,2,resolve_timeout,2026-10-02T15:46:30.289603+00:00,5f975ae378638ac7116ad79bef470b6538fd776bc7124c99b21e3611d43ab35a,35001.248660000005,14.909841,38,5000.307473000001,25,,,40017.173,0,0,False,True,,False
streamxtv,breaking-bad-s2,Breaking Bad,series,1396,2,1,empty,2026-10-02T15:46:53.182480+00:00,5f975ae378638ac7116ad79bef470b6538fd776bc7124c99b21e3611d43ab35a,22877.393615999998,14.608093,76,0.002183,"0,0,0",,,22892.854,0,0,False,True,,False
streamxtv,severance-s2,Severance,series,95396,2,1,resolve_timeout,2026-10-02T15:47:33.200840+00:00,5f975ae378638ac7116ad79bef470b6538fd776bc7124c99b21e3611d43ab35a,35001.527028,14.623344999999999,71,5001.016987,8,,,40018.341,0,0,False,True,,False
streamxtv,last-of-us-s2,The Last of Us,series,100088,2,1,resolve_timeout,2026-10-02T15:48:13.220249+00:00,5f975ae378638ac7116ad79bef470b6538fd776bc7124c99b21e3611d43ab35a,35001.921949,14.99752,44,5001.719523000001,23,,,40019.391,0,0,False,True,,False
streamxtv,cowboy-bebop,Cowboy Bebop,anime,30991,1,2,played,2026-10-02T15:48:36.402261+00:00,5f975ae378638ac7116ad79bef470b6538fd776bc7124c99b21e3611d43ab35a,23167.259871,14.122495,29,0.0057350000000000005,"0,0,0",24675.163365999997,1239.660735,26214.368,1,1,True,True,,False
streamxtv,death-note,Death Note,anime,13916,1,2,resolve_timeout,2026-10-02T15:49:19.452282+00:00,5f975ae378638ac7116ad79bef470b6538fd776bc7124c99b21e3611d43ab35a,35000.902377000006,14.651491,40,5001.42239,5,,,40017.625,0,0,False,True,,False
streamxtv,aot-s3,Attack on Titan,anime,1429,3,2,resolve_timeout,2026-10-02T15:49:59.469821+00:00,5f975ae378638ac7116ad79bef470b6538fd776bc7124c99b21e3611d43ab35a,35001.54793,14.687683,37,5000.732323,5,,,40017.52,0,0,False,True,,False
streamxtv,frieren,Frieren: Beyond Journey’s End,anime,209867,1,2,resolve_timeout,2026-10-02T15:50:39.487326+00:00,5f975ae378638ac7116ad79bef470b6538fd776bc7124c99b21e3611d43ab35a,35001.506626,14.249393000000001,40,5000.973138,25,,,40017.49,0,0,False,True,,False
streamxtv,solo-leveling-s2,Solo Leveling,anime,127532,2,1,played,2026-10-02T15:51:13.863235+00:00,5f975ae378638ac7116ad79bef470b6538fd776bc7124c99b21e3611d43ab35a,34360.204957999995,14.515456,90,0.006251,"0,0,0",35714.84941399999,1252.528251,37408.438,1,1,True,True,,False
streamxtv,akira,Akira,anime_movie,149,,,resolve_timeout,2026-10-02T15:51:56.913347+00:00,5f975ae378638ac7116ad79bef470b6538fd776bc7124c99b21e3611d43ab35a,35001.01705,14.639308999999999,43,5000.969124,5,,,40017.515,0,0,False,True,,False
streamxtv,spirited-away,Spirited Away,anime_movie,129,,,resolve_timeout,2026-10-02T15:52:36.931352+00:00,5f975ae378638ac7116ad79bef470b6538fd776bc7124c99b21e3611d43ab35a,35001.826268000004,14.377949,49,5001.035978,5,,,40017.981,0,0,False,True,,False
streamxtv,your-name,Your Name.,anime_movie,372058,,,played,2026-10-02T15:53:07.325233+00:00,5f975ae378638ac7116ad79bef470b6538fd776bc7124c99b21e3611d43ab35a,30378.480619,14.399505,82,0.005499,"0,0,0",31982.512124000004,1428.623499,34227.954,1,1,True,True,,False
streamxtv,suzume,Suzume,anime_movie,916224,,,resolve_timeout,2026-10-02T15:53:51.179667+00:00,5f975ae378638ac7116ad79bef470b6538fd776bc7124c99b21e3611d43ab35a,35001.983263,15.30007,78,5001.934488,5,,,40020.285,0,0,False,True,,False
streamxtv,boy-heron,The Boy and the Heron,anime_movie,508883,,,resolve_timeout,2026-10-02T15:54:31.197307+00:00,5f975ae378638ac7116ad79bef470b6538fd776bc7124c99b21e3611d43ab35a,35001.364057000006,14.440121,40,5001.081752,5,,,40017.611,0,0,False,True,,False
